,Time,INIT_ERAB_SR
0,2022/06/01 00:00,99.93
1,2022/06/01 01:00,99.95
2,2022/06/01 02:00,99.94
3,2022/06/01 03:00,99.94
4,2022/06/01 04:00,99.95
5,2022/06/01 05:00,99.86
6,2022/06/01 06:00,99.78
7,2022/06/01 07:00,99.86
8,2022/06/01 08:00,99.92
9,2022/06/01 09:00,99.93
10,2022/06/01 10:00,99.86
11,2022/06/01 11:00,99.91
12,2022/06/01 12:00,99.93
13,2022/06/01 13:00,99.87
14,2022/06/01 14:00,99.89
15,2022/06/01 15:00,99.85
16,2022/06/01 16:00,99.89
17,2022/06/01 17:00,99.66
18,2022/06/01 18:00,99.78
19,2022/06/01 19:00,99.75
20,2022/06/01 20:00,99.92
21,2022/06/01 21:00,99.93
22,2022/06/01 22:00,99.94
23,2022/06/01 23:00,99.81
24,2022/06/02 00:00,99.75
25,2022/06/02 01:00,99.74
26,2022/06/02 02:00,99.65
27,2022/06/02 03:00,99.72
28,2022/06/02 04:00,99.64
29,2022/06/02 05:00,99.25
30,2022/06/02 06:00,99.54
31,2022/06/02 07:00,99.84
32,2022/06/02 08:00,99.8
33,2022/06/02 09:00,99.84
34,2022/06/02 10:00,99.86
35,2022/06/02 11:00,99.91
36,2022/06/02 12:00,99.87
37,2022/06/02 13:00,99.9
38,2022/06/02 14:00,99.92
39,2022/06/02 15:00,99.92
40,2022/06/02 16:00,99.93
41,2022/06/02 17:00,99.92
42,2022/06/02 18:00,99.94
43,2022/06/02 19:00,99.94
44,2022/06/02 20:00,99.83
45,2022/06/02 21:00,99.92
46,2022/06/02 22:00,99.92
47,2022/06/02 23:00,99.86
48,2022/06/03 00:00,99.81
49,2022/06/03 01:00,99.68
50,2022/06/03 02:00,99.69
51,2022/06/03 03:00,99.71
52,2022/06/03 04:00,99.62
53,2022/06/03 05:00,99.72
54,2022/06/03 06:00,99.54
55,2022/06/03 07:00,99.91
56,2022/06/03 08:00,99.92
57,2022/06/03 09:00,99.9
58,2022/06/03 10:00,99.91
59,2022/06/03 11:00,99.89
60,2022/06/03 12:00,99.92
61,2022/06/03 13:00,99.91
62,2022/06/03 14:00,99.92
63,2022/06/03 15:00,99.92
64,2022/06/03 16:00,99.92
65,2022/06/03 17:00,99.92
66,2022/06/03 18:00,99.93
67,2022/06/03 19:00,99.93
68,2022/06/03 20:00,99.93
69,2022/06/03 21:00,99.9
70,2022/06/03 22:00,99.93
71,2022/06/03 23:00,99.93
72,2022/06/04 00:00,99.88
73,2022/06/04 01:00,99.7
74,2022/06/04 02:00,99.74
75,2022/06/04 03:00,99.73
76,2022/06/04 04:00,99.84
77,2022/06/04 05:00,99.82
78,2022/06/04 06:00,99.34
79,2022/06/04 07:00,99.84
80,2022/06/04 08:00,99.82
81,2022/06/04 09:00,99.82
82,2022/06/04 10:00,99.85
83,2022/06/04 11:00,99.81
84,2022/06/04 12:00,99.87
85,2022/06/04 13:00,99.89
86,2022/06/04 14:00,99.87
87,2022/06/04 15:00,99.92
88,2022/06/04 16:00,99.9
89,2022/06/04 17:00,99.89
90,2022/06/04 18:00,99.81
91,2022/06/04 19:00,99.48
92,2022/06/04 20:00,99.85
93,2022/06/04 21:00,99.61
94,2022/06/04 22:00,99.93
95,2022/06/04 23:00,99.92
96,2022/06/05 00:00,99.9
97,2022/06/05 01:00,99.92
98,2022/06/05 02:00,99.79
99,2022/06/05 03:00,99.94
100,2022/06/05 04:00,99.93
101,2022/06/05 05:00,99.9
102,2022/06/05 06:00,99.7
103,2022/06/05 07:00,99.81
104,2022/06/05 08:00,99.84
105,2022/06/05 09:00,99.88
106,2022/06/05 10:00,99.92
107,2022/06/05 11:00,99.75
108,2022/06/05 12:00,99.8
109,2022/06/05 13:00,99.89
110,2022/06/05 14:00,99.91
111,2022/06/05 15:00,99.86
112,2022/06/05 16:00,99.88
113,2022/06/05 17:00,99.69
114,2022/06/05 18:00,99.68
115,2022/06/05 19:00,99.91
116,2022/06/05 20:00,99.92
117,2022/06/05 21:00,99.89
118,2022/06/05 22:00,99.94
119,2022/06/05 23:00,99.91
120,2022/06/06 00:00,99.92
121,2022/06/06 01:00,99.94
122,2022/06/06 02:00,99.93
123,2022/06/06 03:00,99.9
124,2022/06/06 04:00,99.94
125,2022/06/06 05:00,99.67
126,2022/06/06 06:00,99.33
127,2022/06/06 07:00,99.8
128,2022/06/06 08:00,99.88
129,2022/06/06 09:00,99.82
130,2022/06/06 10:00,99.89
131,2022/06/06 11:00,99.9
132,2022/06/06 12:00,99.9
133,2022/06/06 13:00,99.89
134,2022/06/06 14:00,99.9
135,2022/06/06 15:00,99.9
136,2022/06/06 16:00,99.91
137,2022/06/06 17:00,99.92
138,2022/06/06 18:00,99.84
139,2022/06/06 19:00,99.91
140,2022/06/06 20:00,99.92
141,2022/06/06 21:00,99.92
142,2022/06/06 22:00,99.94
143,2022/06/06 23:00,99.92
144,2022/06/07 00:00,99.62
145,2022/06/07 01:00,99.37
146,2022/06/07 02:00,99.58
147,2022/06/07 03:00,99.66
148,2022/06/07 04:00,99.26
149,2022/06/07 05:00,99.42
150,2022/06/07 06:00,99.5
151,2022/06/07 07:00,99.8
152,2022/06/07 08:00,99.89
153,2022/06/07 09:00,99.92
154,2022/06/07 10:00,99.91
155,2022/06/07 11:00,99.92
156,2022/06/07 12:00,99.85
157,2022/06/07 13:00,99.91
158,2022/06/07 14:00,99.89
159,2022/06/07 15:00,99.89
160,2022/06/07 16:00,99.9
161,2022/06/07 17:00,99.68
162,2022/06/07 18:00,99.9
163,2022/06/07 19:00,99.88
164,2022/06/07 20:00,99.93
165,2022/06/07 21:00,99.92
166,2022/06/07 22:00,99.94
167,2022/06/07 23:00,99.92
168,2022/06/08 00:00,99.89
169,2022/06/08 01:00,99.94
170,2022/06/08 02:00,99.94
171,2022/06/08 03:00,99.93
172,2022/06/08 04:00,99.94
173,2022/06/08 05:00,99.91
174,2022/06/08 06:00,99.7
175,2022/06/08 07:00,99.86
176,2022/06/08 08:00,99.91
177,2022/06/08 09:00,99.9
178,2022/06/08 10:00,99.91
179,2022/06/08 11:00,99.85
180,2022/06/08 12:00,99.92
181,2022/06/08 13:00,99.91
182,2022/06/08 14:00,99.89
183,2022/06/08 15:00,99.92
184,2022/06/08 16:00,99.91
185,2022/06/08 17:00,99.86
186,2022/06/08 18:00,99.72
187,2022/06/08 19:00,99.84
188,2022/06/08 20:00,99.92
189,2022/06/08 21:00,99.91
190,2022/06/08 22:00,99.93
191,2022/06/08 23:00,99.93
192,2022/06/09 00:00,99.94
193,2022/06/09 01:00,99.92
194,2022/06/09 02:00,99.94
195,2022/06/09 03:00,99.95
196,2022/06/09 04:00,99.94
197,2022/06/09 05:00,99.9
198,2022/06/09 06:00,99.8
199,2022/06/09 07:00,99.83
200,2022/06/09 08:00,99.89
201,2022/06/09 09:00,99.91
202,2022/06/09 10:00,99.91
203,2022/06/09 11:00,99.91
204,2022/06/09 12:00,99.91
205,2022/06/09 13:00,99.91
206,2022/06/09 14:00,99.91
207,2022/06/09 15:00,99.92
208,2022/06/09 16:00,99.9
209,2022/06/09 17:00,99.89
210,2022/06/09 18:00,99.82
211,2022/06/09 19:00,99.91
212,2022/06/09 20:00,99.91
213,2022/06/09 21:00,99.82
214,2022/06/09 22:00,99.76
215,2022/06/09 23:00,99.64
216,2022/06/10 00:00,99.85
217,2022/06/10 01:00,99.29
218,2022/06/10 02:00,99.05
219,2022/06/10 03:00,99.07
220,2022/06/10 04:00,99.06
221,2022/06/10 05:00,99.33
222,2022/06/10 06:00,99.83
223,2022/06/10 07:00,99.9
224,2022/06/10 08:00,99.92
225,2022/06/10 09:00,99.9
226,2022/06/10 10:00,99.91
227,2022/06/10 11:00,99.91
228,2022/06/10 12:00,99.91
229,2022/06/10 13:00,99.92
230,2022/06/10 14:00,99.91
231,2022/06/10 15:00,99.83
232,2022/06/10 16:00,99.93
233,2022/06/10 17:00,99.83
234,2022/06/10 18:00,99.84
235,2022/06/10 19:00,99.93
236,2022/06/10 20:00,99.91
237,2022/06/10 21:00,99.88
238,2022/06/10 22:00,99.94
239,2022/06/10 23:00,99.52
240,2022/06/11 00:00,99.46
241,2022/06/11 01:00,99.43
242,2022/06/11 02:00,99.17
243,2022/06/11 03:00,99.27
244,2022/06/11 04:00,99.24
245,2022/06/11 05:00,99.69
246,2022/06/11 06:00,99.8
247,2022/06/11 07:00,99.92
248,2022/06/11 08:00,99.86
249,2022/06/11 09:00,99.89
250,2022/06/11 10:00,99.91
251,2022/06/11 11:00,99.87
252,2022/06/11 12:00,99.83
253,2022/06/11 13:00,99.77
254,2022/06/11 14:00,99.84
255,2022/06/11 15:00,99.91
256,2022/06/11 16:00,99.85
257,2022/06/11 17:00,99.74
258,2022/06/11 18:00,99.84
259,2022/06/11 19:00,99.91
260,2022/06/11 20:00,99.89
261,2022/06/11 21:00,99.76
262,2022/06/11 22:00,99.65
263,2022/06/11 23:00,99.61
264,2022/06/12 00:00,99.57
265,2022/06/12 01:00,99.55
266,2022/06/12 02:00,99.46
267,2022/06/12 03:00,99.56
268,2022/06/12 04:00,99.7
269,2022/06/12 05:00,99.72
270,2022/06/12 06:00,99.82
271,2022/06/12 07:00,99.71
272,2022/06/12 08:00,99.83
273,2022/06/12 09:00,99.87
274,2022/06/12 10:00,99.91
275,2022/06/12 11:00,99.89
276,2022/06/12 12:00,99.87
277,2022/06/12 13:00,99.91
278,2022/06/12 14:00,99.89
279,2022/06/12 15:00,99.9
280,2022/06/12 16:00,99.92
281,2022/06/12 17:00,99.91
282,2022/06/12 18:00,99.92
283,2022/06/12 19:00,99.87
284,2022/06/12 20:00,99.9
285,2022/06/12 21:00,99.95
286,2022/06/12 22:00,99.94
287,2022/06/12 23:00,99.92
288,2022/06/13 00:00,99.94
289,2022/06/13 01:00,99.86
290,2022/06/13 02:00,99.86
291,2022/06/13 03:00,99.85
292,2022/06/13 04:00,99.29
293,2022/06/13 05:00,99.79
294,2022/06/13 06:00,99.74
295,2022/06/13 07:00,99.78
296,2022/06/13 08:00,99.87
297,2022/06/13 09:00,99.89
298,2022/06/13 10:00,99.77
299,2022/06/13 11:00,99.81
300,2022/06/13 12:00,99.77
301,2022/06/13 13:00,99.91
302,2022/06/13 14:00,99.92
303,2022/06/13 15:00,99.92
304,2022/06/13 16:00,99.92
305,2022/06/13 17:00,99.91
306,2022/06/13 18:00,99.93
307,2022/06/13 19:00,99.92
308,2022/06/13 20:00,99.8
309,2022/06/13 21:00,99.8
310,2022/06/13 22:00,99.94
311,2022/06/13 23:00,99.93
312,2022/06/14 00:00,99.96
313,2022/06/14 01:00,99.92
314,2022/06/14 02:00,99.95
315,2022/06/14 03:00,99.95
316,2022/06/14 04:00,99.94
317,2022/06/14 05:00,99.94
318,2022/06/14 06:00,99.84
319,2022/06/14 07:00,99.82
320,2022/06/14 08:00,99.85
321,2022/06/14 09:00,99.85
322,2022/06/14 10:00,99.88
323,2022/06/14 11:00,99.88
324,2022/06/14 12:00,99.92
325,2022/06/14 13:00,99.89
326,2022/06/14 14:00,99.89
327,2022/06/14 15:00,99.92
328,2022/06/14 16:00,99.88
329,2022/06/14 17:00,99.89
330,2022/06/14 18:00,99.86
331,2022/06/14 19:00,99.83
332,2022/06/14 20:00,99.93
333,2022/06/14 21:00,99.88
334,2022/06/14 22:00,99.85
335,2022/06/14 23:00,99.88
336,2022/06/15 00:00,99.94
337,2022/06/15 01:00,99.9
338,2022/06/15 02:00,99.95
339,2022/06/15 03:00,99.95
340,2022/06/15 04:00,99.91
341,2022/06/15 05:00,99.93
342,2022/06/15 06:00,99.69
343,2022/06/15 07:00,99.91
344,2022/06/15 08:00,99.86
345,2022/06/15 09:00,99.89
346,2022/06/15 10:00,99.9
347,2022/06/15 11:00,99.84
348,2022/06/15 12:00,99.86
349,2022/06/15 13:00,99.9
350,2022/06/15 14:00,99.84
351,2022/06/15 15:00,99.89
352,2022/06/15 16:00,99.77
353,2022/06/15 17:00,99.91
354,2022/06/15 18:00,99.81
355,2022/06/15 19:00,99.82
356,2022/06/15 20:00,99.76
357,2022/06/15 21:00,99.84
358,2022/06/15 22:00,99.9
359,2022/06/15 23:00,99.8
360,2022/06/16 00:00,99.93
361,2022/06/16 01:00,99.94
362,2022/06/16 02:00,99.93
363,2022/06/16 03:00,99.93
364,2022/06/16 04:00,99.93
365,2022/06/16 05:00,99.7
366,2022/06/16 06:00,99.8
367,2022/06/16 07:00,99.91
368,2022/06/16 08:00,99.89
369,2022/06/16 09:00,99.89
370,2022/06/16 10:00,99.92
371,2022/06/16 11:00,99.86
372,2022/06/16 12:00,99.85
373,2022/06/16 13:00,99.86
374,2022/06/16 14:00,99.78
375,2022/06/16 15:00,99.86
376,2022/06/16 16:00,99.92
377,2022/06/16 17:00,99.88
378,2022/06/16 18:00,99.85
379,2022/06/16 19:00,99.91
380,2022/06/16 20:00,99.9
381,2022/06/16 21:00,99.91
382,2022/06/16 22:00,99.92
383,2022/06/16 23:00,99.92
384,2022/06/17 00:00,99.95
385,2022/06/17 01:00,99.94
386,2022/06/17 02:00,99.94
387,2022/06/17 03:00,99.92
388,2022/06/17 04:00,99.91
389,2022/06/17 05:00,99.86
390,2022/06/17 06:00,99.75
391,2022/06/17 07:00,99.85
392,2022/06/17 08:00,99.88
393,2022/06/17 09:00,99.92
394,2022/06/17 10:00,99.92
395,2022/06/17 11:00,99.92
396,2022/06/17 12:00,99.93
397,2022/06/17 13:00,99.91
398,2022/06/17 14:00,99.91
399,2022/06/17 15:00,99.91
400,2022/06/17 16:00,99.93
401,2022/06/17 17:00,99.82
402,2022/06/17 18:00,99.77
403,2022/06/17 19:00,99.76
404,2022/06/17 20:00,99.76
405,2022/06/17 21:00,99.64
406,2022/06/17 22:00,99.86
407,2022/06/17 23:00,99.92
408,2022/06/18 00:00,99.81
409,2022/06/18 01:00,99.55
410,2022/06/18 02:00,99.69
411,2022/06/18 03:00,99.44
412,2022/06/18 04:00,99.77
413,2022/06/18 05:00,99.85
414,2022/06/18 06:00,99.88
415,2022/06/18 07:00,99.24
416,2022/06/18 08:00,99.82
417,2022/06/18 09:00,99.89
418,2022/06/18 10:00,99.84
419,2022/06/18 11:00,99.62
420,2022/06/18 12:00,99.47
421,2022/06/18 13:00,99.75
422,2022/06/18 14:00,99.85
423,2022/06/18 15:00,99.73
424,2022/06/18 16:00,99.93
425,2022/06/18 17:00,99.79
426,2022/06/18 18:00,99.59
427,2022/06/18 19:00,99.7
428,2022/06/18 20:00,99.87
429,2022/06/18 21:00,99.92
430,2022/06/18 22:00,99.94
431,2022/06/18 23:00,99.95
432,2022/06/19 00:00,99.96
433,2022/06/19 01:00,99.96
434,2022/06/19 02:00,99.95
435,2022/06/19 03:00,99.96
436,2022/06/19 04:00,99.96
437,2022/06/19 05:00,99.96
438,2022/06/19 06:00,99.94
439,2022/06/19 07:00,99.93
440,2022/06/19 08:00,99.92
441,2022/06/19 09:00,99.92
442,2022/06/19 10:00,99.91
443,2022/06/19 11:00,99.74
444,2022/06/19 12:00,99.74
445,2022/06/19 13:00,99.83
446,2022/06/19 14:00,99.9
447,2022/06/19 15:00,99.89
448,2022/06/19 16:00,99.9
449,2022/06/19 17:00,99.89
450,2022/06/19 18:00,99.33
451,2022/06/19 19:00,99.76
452,2022/06/19 20:00,99.88
453,2022/06/19 21:00,99.91
454,2022/06/19 22:00,99.92
455,2022/06/19 23:00,99.92
456,2022/06/20 00:00,99.56
457,2022/06/20 01:00,99.27
458,2022/06/20 02:00,98.76
459,2022/06/20 03:00,98.68
460,2022/06/20 04:00,98.71
461,2022/06/20 05:00,98.97
462,2022/06/20 06:00,99.57
463,2022/06/20 07:00,99.87
464,2022/06/20 08:00,99.89
465,2022/06/20 09:00,99.89
466,2022/06/20 10:00,99.9
467,2022/06/20 11:00,99.84
468,2022/06/20 12:00,99.89
469,2022/06/20 13:00,99.92
470,2022/06/20 14:00,99.92
471,2022/06/20 15:00,99.85
472,2022/06/20 16:00,99.91
473,2022/06/20 17:00,99.92
474,2022/06/20 18:00,99.91
475,2022/06/20 19:00,99.89
476,2022/06/20 20:00,99.83
477,2022/06/20 21:00,99.91
478,2022/06/20 22:00,99.93
479,2022/06/20 23:00,99.92
480,2022/06/21 00:00,99.95
481,2022/06/21 01:00,99.93
482,2022/06/21 02:00,99.95
483,2022/06/21 03:00,99.96
484,2022/06/21 04:00,99.95
485,2022/06/21 05:00,99.95
486,2022/06/21 06:00,99.87
487,2022/06/21 07:00,99.92
488,2022/06/21 08:00,99.94
489,2022/06/21 09:00,99.9
490,2022/06/21 10:00,99.91
491,2022/06/21 11:00,99.92
492,2022/06/21 12:00,99.92
493,2022/06/21 13:00,99.89
494,2022/06/21 14:00,99.89
495,2022/06/21 15:00,99.92
496,2022/06/21 16:00,99.92
497,2022/06/21 17:00,99.9
498,2022/06/21 18:00,99.82
499,2022/06/21 19:00,99.78
500,2022/06/21 20:00,99.8
501,2022/06/21 21:00,99.87
502,2022/06/21 22:00,99.94
503,2022/06/21 23:00,99.94
504,2022/06/22 00:00,99.96
505,2022/06/22 01:00,99.95
506,2022/06/22 02:00,99.96
507,2022/06/22 03:00,99.96
508,2022/06/22 04:00,99.96
509,2022/06/22 05:00,99.95
510,2022/06/22 06:00,99.63
511,2022/06/22 07:00,99.84
512,2022/06/22 08:00,99.92
513,2022/06/22 09:00,99.9
514,2022/06/22 10:00,99.89
515,2022/06/22 11:00,99.83
516,2022/06/22 12:00,99.87
517,2022/06/22 13:00,99.87
518,2022/06/22 14:00,99.84
519,2022/06/22 15:00,99.86
520,2022/06/22 16:00,99.92
521,2022/06/22 17:00,99.84
522,2022/06/22 18:00,99.79
523,2022/06/22 19:00,99.87
524,2022/06/22 20:00,99.59
525,2022/06/22 21:00,99.72
526,2022/06/22 22:00,99.8
527,2022/06/22 23:00,99.88
528,2022/06/23 00:00,99.9
529,2022/06/23 01:00,99.94
530,2022/06/23 02:00,99.91
531,2022/06/23 03:00,99.95
532,2022/06/23 04:00,99.79
533,2022/06/23 05:00,99.79
534,2022/06/23 06:00,99.84
535,2022/06/23 07:00,99.91
536,2022/06/23 08:00,99.92
537,2022/06/23 09:00,99.91
538,2022/06/23 10:00,99.87
539,2022/06/23 11:00,99.91
540,2022/06/23 12:00,99.89
541,2022/06/23 13:00,99.9
542,2022/06/23 14:00,99.89
543,2022/06/23 15:00,99.87
544,2022/06/23 16:00,99.87
545,2022/06/23 17:00,99.7
546,2022/06/23 18:00,99.87
547,2022/06/23 19:00,99.87
548,2022/06/23 20:00,99.79
549,2022/06/23 21:00,99.83
550,2022/06/23 22:00,99.86
551,2022/06/23 23:00,99.73
552,2022/06/24 00:00,99.76
553,2022/06/24 01:00,99.63
554,2022/06/24 02:00,99.77
555,2022/06/24 03:00,99.69
556,2022/06/24 04:00,99.35
557,2022/06/24 05:00,99.61
558,2022/06/24 06:00,99.76
559,2022/06/24 07:00,99.88
560,2022/06/24 08:00,99.92
561,2022/06/24 09:00,99.92
562,2022/06/24 10:00,99.9
563,2022/06/24 11:00,99.91
564,2022/06/24 12:00,99.87
565,2022/06/24 13:00,99.87
566,2022/06/24 14:00,99.84
567,2022/06/24 15:00,99.9
568,2022/06/24 16:00,99.9
569,2022/06/24 17:00,99.89
570,2022/06/24 18:00,99.9
571,2022/06/24 19:00,99.68
572,2022/06/24 20:00,99.72
573,2022/06/24 21:00,99.73
574,2022/06/24 22:00,99.51
575,2022/06/24 23:00,99.91
576,2022/06/25 00:00,99.92
577,2022/06/25 01:00,99.9
578,2022/06/25 02:00,99.88
579,2022/06/25 03:00,99.9
580,2022/06/25 04:00,99.56
581,2022/06/25 05:00,99.74
582,2022/06/25 06:00,99.45
583,2022/06/25 07:00,99.72
584,2022/06/25 08:00,99.88
585,2022/06/25 09:00,99.81
586,2022/06/25 10:00,99.83
587,2022/06/25 11:00,99.81
588,2022/06/25 12:00,99.83
589,2022/06/25 13:00,99.83
590,2022/06/25 14:00,99.78
591,2022/06/25 15:00,99.69
592,2022/06/25 16:00,99.82
593,2022/06/25 17:00,99.89
594,2022/06/25 18:00,99.85
595,2022/06/25 19:00,99.71
596,2022/06/25 20:00,99.64
597,2022/06/25 21:00,99.72
598,2022/06/25 22:00,99.8
599,2022/06/25 23:00,99.72
600,2022/06/26 00:00,99.52
601,2022/06/26 01:00,99.74
602,2022/06/26 02:00,99.39
603,2022/06/26 03:00,99.68
604,2022/06/26 04:00,99.92
605,2022/06/26 05:00,99.78
606,2022/06/26 06:00,99.6
607,2022/06/26 07:00,99.84
608,2022/06/26 08:00,99.82
609,2022/06/26 09:00,99.86
610,2022/06/26 10:00,99.91
611,2022/06/26 11:00,99.57
612,2022/06/26 12:00,99.32
613,2022/06/26 13:00,99.67
614,2022/06/26 14:00,99.89
615,2022/06/26 15:00,99.81
616,2022/06/26 16:00,99.93
617,2022/06/26 17:00,99.71
618,2022/06/26 18:00,99.59
619,2022/06/26 19:00,99.77
620,2022/06/26 20:00,99.82
621,2022/06/26 21:00,99.81
622,2022/06/26 22:00,99.89
623,2022/06/26 23:00,99.91
624,2022/06/27 00:00,99.95
625,2022/06/27 01:00,99.96
626,2022/06/27 02:00,99.96
627,2022/06/27 03:00,99.96
628,2022/06/27 04:00,99.48
629,2022/06/27 05:00,99.8
630,2022/06/27 06:00,99.85
631,2022/06/27 07:00,99.82
632,2022/06/27 08:00,99.88
633,2022/06/27 09:00,99.85
634,2022/06/27 10:00,99.89
635,2022/06/27 11:00,99.87
636,2022/06/27 12:00,99.87
637,2022/06/27 13:00,99.88
638,2022/06/27 14:00,99.85
639,2022/06/27 15:00,99.86
640,2022/06/27 16:00,99.89
641,2022/06/27 17:00,99.88
642,2022/06/27 18:00,99.89
643,2022/06/27 19:00,99.87
644,2022/06/27 20:00,99.88
645,2022/06/27 21:00,99.92
646,2022/06/27 22:00,99.66
647,2022/06/27 23:00,99.89
648,2022/06/28 00:00,99.23
649,2022/06/28 01:00,99.86
650,2022/06/28 02:00,99.94
651,2022/06/28 03:00,99.95
652,2022/06/28 04:00,99.94
653,2022/06/28 05:00,99.91
654,2022/06/28 06:00,99.75
655,2022/06/28 07:00,99.8
656,2022/06/28 08:00,99.91
657,2022/06/28 09:00,99.75
658,2022/06/28 10:00,99.79
659,2022/06/28 11:00,99.9
660,2022/06/28 12:00,99.92
661,2022/06/28 13:00,99.75
662,2022/06/28 14:00,99.88
663,2022/06/28 15:00,99.92
664,2022/06/28 16:00,99.92
665,2022/06/28 17:00,99.92
666,2022/06/28 18:00,99.86
667,2022/06/28 19:00,99.86
668,2022/06/28 20:00,99.72
669,2022/06/28 21:00,99.78
670,2022/06/28 22:00,99.93
671,2022/06/28 23:00,99.92
672,2022/06/29 00:00,99.9
673,2022/06/29 01:00,99.94
674,2022/06/29 02:00,99.93
675,2022/06/29 03:00,99.95
676,2022/06/29 04:00,99.94
677,2022/06/29 05:00,99.93
678,2022/06/29 06:00,99.92
679,2022/06/29 07:00,99.93
680,2022/06/29 08:00,99.92
681,2022/06/29 09:00,99.91
682,2022/06/29 10:00,99.89
683,2022/06/29 11:00,99.93
684,2022/06/29 12:00,99.89
685,2022/06/29 13:00,99.89
686,2022/06/29 14:00,99.85
687,2022/06/29 15:00,99.9
688,2022/06/29 16:00,99.84
689,2022/06/29 17:00,99.84
690,2022/06/29 18:00,99.87
691,2022/06/29 19:00,99.91
692,2022/06/29 20:00,99.84
693,2022/06/29 21:00,99.46
694,2022/06/29 22:00,99.77
695,2022/06/29 23:00,99.75
696,2022/06/30 00:00,99.82
697,2022/06/30 01:00,99.66
698,2022/06/30 02:00,99.74
699,2022/06/30 03:00,99.75
700,2022/06/30 04:00,99.66
701,2022/06/30 05:00,99.73
702,2022/06/30 06:00,99.68
703,2022/06/30 07:00,99.9
704,2022/06/30 08:00,99.87
705,2022/06/30 09:00,99.91
706,2022/06/30 10:00,99.83
707,2022/06/30 11:00,99.91
708,2022/06/30 12:00,99.87
709,2022/06/30 13:00,99.91
710,2022/06/30 14:00,99.9
711,2022/06/30 15:00,99.91
712,2022/06/30 16:00,99.79
713,2022/06/30 17:00,99.87
714,2022/06/30 18:00,99.88
715,2022/06/30 19:00,99.86
716,2022/06/30 20:00,99.48
717,2022/06/30 21:00,99.56
718,2022/06/30 22:00,99.85
719,2022/06/30 23:00,99.75
720,2022/07/01 00:00,99.58
721,2022/07/01 01:00,99.59
722,2022/07/01 02:00,99.44
723,2022/07/01 03:00,99.17
724,2022/07/01 04:00,99.31
725,2022/07/01 05:00,99.49
726,2022/07/01 06:00,99.6
727,2022/07/01 07:00,99.87
728,2022/07/01 08:00,99.9
729,2022/07/01 09:00,99.91
730,2022/07/01 10:00,99.9
731,2022/07/01 11:00,99.91
732,2022/07/01 12:00,99.92
733,2022/07/01 13:00,99.91
734,2022/07/01 14:00,99.92
735,2022/07/01 15:00,99.92
736,2022/07/01 16:00,99.92
737,2022/07/01 17:00,99.92
738,2022/07/01 18:00,99.94
739,2022/07/01 19:00,99.94
740,2022/07/01 20:00,99.8
741,2022/07/01 21:00,99.9
742,2022/07/01 22:00,99.93
743,2022/07/01 23:00,99.75
744,2022/07/02 00:00,99.82
745,2022/07/02 01:00,99.94
746,2022/07/02 02:00,99.93
747,2022/07/02 03:00,99.95
748,2022/07/02 04:00,99.95
749,2022/07/02 05:00,99.95
750,2022/07/02 06:00,99.94
751,2022/07/02 07:00,99.92
752,2022/07/02 08:00,99.91
753,2022/07/02 09:00,99.73
754,2022/07/02 10:00,99.78
755,2022/07/02 11:00,99.47
756,2022/07/02 12:00,99.48
757,2022/07/02 13:00,99.52
758,2022/07/02 14:00,99.84
759,2022/07/02 15:00,99.87
760,2022/07/02 16:00,99.81
761,2022/07/02 17:00,99.77
762,2022/07/02 18:00,99.58
763,2022/07/02 19:00,99.74
764,2022/07/02 20:00,99.84
765,2022/07/02 21:00,99.8
766,2022/07/02 22:00,99.92
767,2022/07/02 23:00,99.87
768,2022/07/03 00:00,99.67
769,2022/07/03 01:00,99.49
770,2022/07/03 02:00,99.69
771,2022/07/03 03:00,99.53
772,2022/07/03 04:00,99.1
773,2022/07/03 05:00,99.28
774,2022/07/03 06:00,99.5
775,2022/07/03 07:00,99.87
776,2022/07/03 08:00,99.93
777,2022/07/03 09:00,99.88
778,2022/07/03 10:00,99.62
779,2022/07/03 11:00,99.67
780,2022/07/03 12:00,99.73
781,2022/07/03 13:00,99.79
782,2022/07/03 14:00,99.9
783,2022/07/03 15:00,99.84
784,2022/07/03 16:00,99.79
785,2022/07/03 17:00,99.73
786,2022/07/03 18:00,99.81
787,2022/07/03 19:00,99.82
788,2022/07/03 20:00,99.74
789,2022/07/03 21:00,99.83
790,2022/07/03 22:00,99.89
791,2022/07/03 23:00,99.84
792,2022/07/04 00:00,99.82
793,2022/07/04 01:00,99.93
794,2022/07/04 02:00,99.95
795,2022/07/04 03:00,99.95
796,2022/07/04 04:00,99.96
797,2022/07/04 05:00,99.94
798,2022/07/04 06:00,99.92
799,2022/07/04 07:00,99.93
800,2022/07/04 08:00,99.92
801,2022/07/04 09:00,99.89
802,2022/07/04 10:00,99.79
803,2022/07/04 11:00,99.54
804,2022/07/04 12:00,99.68
805,2022/07/04 13:00,99.53
806,2022/07/04 14:00,99.81
807,2022/07/04 15:00,99.92
808,2022/07/04 16:00,99.54
809,2022/07/04 17:00,99.71
810,2022/07/04 18:00,99.84
811,2022/07/04 19:00,99.81
812,2022/07/04 20:00,99.75
813,2022/07/04 21:00,99.88
814,2022/07/04 22:00,99.9
815,2022/07/04 23:00,99.65
816,2022/07/05 00:00,99.91
817,2022/07/05 01:00,99.96
818,2022/07/05 02:00,99.94
819,2022/07/05 03:00,99.95
820,2022/07/05 04:00,99.95
821,2022/07/05 05:00,99.95
822,2022/07/05 06:00,99.93
823,2022/07/05 07:00,99.91
824,2022/07/05 08:00,99.92
825,2022/07/05 09:00,99.85
826,2022/07/05 10:00,99.86
827,2022/07/05 11:00,99.91
828,2022/07/05 12:00,99.89
829,2022/07/05 13:00,99.84
830,2022/07/05 14:00,99.91
831,2022/07/05 15:00,99.9
832,2022/07/05 16:00,99.92
833,2022/07/05 17:00,99.9
834,2022/07/05 18:00,99.91
835,2022/07/05 19:00,99.93
836,2022/07/05 20:00,99.68
837,2022/07/05 21:00,99.81
838,2022/07/05 22:00,99.91
839,2022/07/05 23:00,99.85
840,2022/07/06 00:00,99.9
841,2022/07/06 01:00,99.94
842,2022/07/06 02:00,99.94
843,2022/07/06 03:00,99.95
844,2022/07/06 04:00,99.96
845,2022/07/06 05:00,99.95
846,2022/07/06 06:00,99.93
847,2022/07/06 07:00,99.92
848,2022/07/06 08:00,99.92
849,2022/07/06 09:00,99.91
850,2022/07/06 10:00,99.91
851,2022/07/06 11:00,99.87
852,2022/07/06 12:00,99.92
853,2022/07/06 13:00,99.86
854,2022/07/06 14:00,99.82
855,2022/07/06 15:00,99.57
856,2022/07/06 16:00,99.45
857,2022/07/06 17:00,99.81
858,2022/07/06 18:00,99.85
859,2022/07/06 19:00,99.87
860,2022/07/06 20:00,99.68
861,2022/07/06 21:00,99.85
862,2022/07/06 22:00,99.74
863,2022/07/06 23:00,99.55
864,2022/07/07 00:00,99.55
865,2022/07/07 01:00,99.64
866,2022/07/07 02:00,99.65
867,2022/07/07 03:00,99.65
868,2022/07/07 04:00,99.63
869,2022/07/07 05:00,99.68
870,2022/07/07 06:00,99.65
871,2022/07/07 07:00,99.83
872,2022/07/07 08:00,99.92
873,2022/07/07 09:00,99.92
874,2022/07/07 10:00,99.7
875,2022/07/07 11:00,99.84
876,2022/07/07 12:00,99.92
877,2022/07/07 13:00,99.92
878,2022/07/07 14:00,99.92
879,2022/07/07 15:00,99.9
880,2022/07/07 16:00,99.92
881,2022/07/07 17:00,99.91
882,2022/07/07 18:00,99.84
883,2022/07/07 19:00,99.89
884,2022/07/07 20:00,99.83
885,2022/07/07 21:00,99.9
886,2022/07/07 22:00,99.93
887,2022/07/07 23:00,99.91
888,2022/07/08 00:00,99.89
889,2022/07/08 01:00,99.95
890,2022/07/08 02:00,99.95
891,2022/07/08 03:00,99.93
892,2022/07/08 04:00,99.95
893,2022/07/08 05:00,99.94
894,2022/07/08 06:00,99.94
895,2022/07/08 07:00,99.92
896,2022/07/08 08:00,99.93
897,2022/07/08 09:00,99.92
898,2022/07/08 10:00,99.91
899,2022/07/08 11:00,99.92
900,2022/07/08 12:00,99.92
901,2022/07/08 13:00,99.88
902,2022/07/08 14:00,99.92
903,2022/07/08 15:00,99.91
904,2022/07/08 16:00,99.9
905,2022/07/08 17:00,99.92
906,2022/07/08 18:00,99.94
907,2022/07/08 19:00,99.93
908,2022/07/08 20:00,99.93
909,2022/07/08 21:00,99.93
910,2022/07/08 22:00,99.94
911,2022/07/08 23:00,99.87
912,2022/07/09 00:00,99.87
913,2022/07/09 01:00,99.93
914,2022/07/09 02:00,99.95
915,2022/07/09 03:00,99.91
916,2022/07/09 04:00,99.92
917,2022/07/09 05:00,99.93
918,2022/07/09 06:00,99.92
919,2022/07/09 07:00,99.79
920,2022/07/09 08:00,99.76
921,2022/07/09 09:00,99.9
922,2022/07/09 10:00,99.87
923,2022/07/09 11:00,99.72
924,2022/07/09 12:00,99.53
925,2022/07/09 13:00,99.66
926,2022/07/09 14:00,99.9
927,2022/07/09 15:00,99.91
928,2022/07/09 16:00,99.89
929,2022/07/09 17:00,99.76
930,2022/07/09 18:00,99.69
931,2022/07/09 19:00,99.37
932,2022/07/09 20:00,97.55
933,2022/07/09 21:00,95.18
934,2022/07/09 22:00,99.55
935,2022/07/09 23:00,99.9
936,2022/07/10 00:00,99.94
937,2022/07/10 01:00,99.92
938,2022/07/10 02:00,99.84
939,2022/07/10 03:00,99.95
940,2022/07/10 04:00,99.95
941,2022/07/10 05:00,99.87
942,2022/07/10 06:00,99.52
943,2022/07/10 07:00,99.69
944,2022/07/10 08:00,99.77
945,2022/07/10 09:00,99.83
946,2022/07/10 10:00,99.84
947,2022/07/10 11:00,99.36
948,2022/07/10 12:00,99.39
949,2022/07/10 13:00,99.63
950,2022/07/10 14:00,99.88
951,2022/07/10 15:00,99.73
952,2022/07/10 16:00,99.82
953,2022/07/10 17:00,99.51
954,2022/07/10 18:00,99.37
955,2022/07/10 19:00,99.24
956,2022/07/10 20:00,98.82
957,2022/07/10 21:00,99.72
958,2022/07/10 22:00,99.92
959,2022/07/10 23:00,99.93
960,2022/07/11 00:00,99.9
961,2022/07/11 01:00,99.88
962,2022/07/11 02:00,99.93
963,2022/07/11 03:00,99.93
964,2022/07/11 04:00,99.94
965,2022/07/11 05:00,99.88
966,2022/07/11 06:00,99.69
967,2022/07/11 07:00,99.87
968,2022/07/11 08:00,99.89
969,2022/07/11 09:00,99.9
970,2022/07/11 10:00,99.9
971,2022/07/11 11:00,99.89
972,2022/07/11 12:00,99.91
973,2022/07/11 13:00,99.92
974,2022/07/11 14:00,99.87
975,2022/07/11 15:00,99.9
976,2022/07/11 16:00,99.9
977,2022/07/11 17:00,99.81
978,2022/07/11 18:00,99.8
979,2022/07/11 19:00,99.88
980,2022/07/11 20:00,99.85
981,2022/07/11 21:00,99.91
982,2022/07/11 22:00,99.86
983,2022/07/11 23:00,99.9
984,2022/07/12 00:00,99.26
985,2022/07/12 01:00,99.63
986,2022/07/12 02:00,99.78
987,2022/07/12 03:00,99.45
988,2022/07/12 04:00,99.71
989,2022/07/12 05:00,99.81
990,2022/07/12 06:00,99.57
991,2022/07/12 07:00,99.7
992,2022/07/12 08:00,99.88
993,2022/07/12 09:00,99.85
994,2022/07/12 10:00,99.82
995,2022/07/12 11:00,99.83
996,2022/07/12 12:00,99.83
997,2022/07/12 13:00,99.85
998,2022/07/12 14:00,99.86
999,2022/07/12 15:00,99.7
1000,2022/07/12 16:00,99.92
1001,2022/07/12 17:00,99.89
1002,2022/07/12 18:00,99.93
1003,2022/07/12 19:00,99.86
1004,2022/07/12 20:00,99.91
1005,2022/07/12 21:00,99.92
1006,2022/07/12 22:00,99.91
1007,2022/07/12 23:00,99.93
1008,2022/07/13 00:00,99.73
1009,2022/07/13 01:00,99.68
1010,2022/07/13 02:00,99.74
1011,2022/07/13 03:00,99.75
1012,2022/07/13 04:00,99.8
1013,2022/07/13 05:00,99.77
1014,2022/07/13 06:00,99.38
1015,2022/07/13 07:00,99.74
1016,2022/07/13 08:00,99.89
1017,2022/07/13 09:00,99.9
1018,2022/07/13 10:00,99.8
1019,2022/07/13 11:00,99.71
1020,2022/07/13 12:00,99.73
1021,2022/07/13 13:00,99.89
1022,2022/07/13 14:00,99.89
1023,2022/07/13 15:00,99.87
1024,2022/07/13 16:00,99.86
1025,2022/07/13 17:00,99.28
1026,2022/07/13 18:00,99.86
1027,2022/07/13 19:00,99.83
1028,2022/07/13 20:00,99.73
1029,2022/07/13 21:00,99.9
1030,2022/07/13 22:00,99.92
1031,2022/07/13 23:00,99.86
1032,2022/07/14 00:00,99.91
1033,2022/07/14 01:00,99.86
1034,2022/07/14 02:00,99.84
1035,2022/07/14 03:00,99.93
1036,2022/07/14 04:00,99.92
1037,2022/07/14 05:00,99.82
1038,2022/07/14 06:00,99.35
1039,2022/07/14 07:00,99.84
1040,2022/07/14 08:00,99.75
1041,2022/07/14 09:00,99.83
1042,2022/07/14 10:00,99.83
1043,2022/07/14 11:00,99.81
1044,2022/07/14 12:00,99.71
1045,2022/07/14 13:00,99.77
1046,2022/07/14 14:00,99.89
1047,2022/07/14 15:00,99.88
1048,2022/07/14 16:00,99.88
1049,2022/07/14 17:00,99.89
1050,2022/07/14 18:00,99.88
1051,2022/07/14 19:00,99.87
1052,2022/07/14 20:00,99.83
1053,2022/07/14 21:00,99.91
1054,2022/07/14 22:00,99.76
1055,2022/07/14 23:00,99.87
1056,2022/07/15 00:00,99.93
1057,2022/07/15 01:00,99.93
1058,2022/07/15 02:00,99.93
1059,2022/07/15 03:00,99.94
1060,2022/07/15 04:00,99.93
1061,2022/07/15 05:00,99.88
1062,2022/07/15 06:00,99.64
1063,2022/07/15 07:00,99.71
1064,2022/07/15 08:00,99.91
1065,2022/07/15 09:00,99.92
1066,2022/07/15 10:00,99.66
1067,2022/07/15 11:00,99.88
1068,2022/07/15 12:00,99.89
1069,2022/07/15 13:00,99.89
1070,2022/07/15 14:00,99.91
1071,2022/07/15 15:00,99.79
1072,2022/07/15 16:00,99.87
1073,2022/07/15 17:00,99.79
1074,2022/07/15 18:00,99.85
1075,2022/07/15 19:00,99.85
1076,2022/07/15 20:00,99.92
1077,2022/07/15 21:00,99.92
1078,2022/07/15 22:00,99.89
1079,2022/07/15 23:00,99.77
1080,2022/07/16 00:00,99.95
1081,2022/07/16 01:00,99.94
1082,2022/07/16 02:00,99.93
1083,2022/07/16 03:00,99.95
1084,2022/07/16 04:00,99.94
1085,2022/07/16 05:00,99.92
1086,2022/07/16 06:00,99.94
1087,2022/07/16 07:00,99.93
1088,2022/07/16 08:00,99.9
1089,2022/07/16 09:00,99.9
1090,2022/07/16 10:00,99.89
1091,2022/07/16 11:00,99.7
1092,2022/07/16 12:00,99.85
1093,2022/07/16 13:00,99.9
1094,2022/07/16 14:00,99.89
1095,2022/07/16 15:00,99.92
1096,2022/07/16 16:00,99.88
1097,2022/07/16 17:00,99.51
1098,2022/07/16 18:00,99.51
1099,2022/07/16 19:00,99.64
1100,2022/07/16 20:00,99.59
1101,2022/07/16 21:00,99.71
1102,2022/07/16 22:00,99.89
1103,2022/07/16 23:00,99.93
1104,2022/07/17 00:00,99.94
1105,2022/07/17 01:00,99.68
1106,2022/07/17 02:00,99.76
1107,2022/07/17 03:00,99.78
1108,2022/07/17 04:00,99.74
1109,2022/07/17 05:00,99.86
1110,2022/07/17 06:00,99.83
1111,2022/07/17 07:00,99.74
1112,2022/07/17 08:00,99.81
1113,2022/07/17 09:00,99.51
1114,2022/07/17 10:00,99.87
1115,2022/07/17 11:00,99.66
1116,2022/07/17 12:00,99.57
1117,2022/07/17 13:00,99.78
1118,2022/07/17 14:00,99.85
1119,2022/07/17 15:00,99.89
1120,2022/07/17 16:00,99.91
1121,2022/07/17 17:00,99.9
1122,2022/07/17 18:00,99.89
1123,2022/07/17 19:00,99.85
1124,2022/07/17 20:00,99.78
1125,2022/07/17 21:00,99.85
1126,2022/07/17 22:00,99.93
1127,2022/07/17 23:00,99.94
1128,2022/07/18 00:00,99.93
1129,2022/07/18 01:00,99.95
1130,2022/07/18 02:00,99.94
1131,2022/07/18 03:00,99.94
1132,2022/07/18 04:00,99.94
1133,2022/07/18 05:00,99.85
1134,2022/07/18 06:00,99.83
1135,2022/07/18 07:00,99.92
1136,2022/07/18 08:00,99.92
1137,2022/07/18 09:00,99.92
1138,2022/07/18 10:00,99.91
1139,2022/07/18 11:00,99.89
1140,2022/07/18 12:00,99.92
1141,2022/07/18 13:00,99.93
1142,2022/07/18 14:00,99.93
1143,2022/07/18 15:00,99.89
1144,2022/07/18 16:00,99.88
1145,2022/07/18 17:00,99.91
1146,2022/07/18 18:00,99.91
1147,2022/07/18 19:00,99.93
1148,2022/07/18 20:00,99.91
1149,2022/07/18 21:00,99.89
1150,2022/07/18 22:00,99.91
1151,2022/07/18 23:00,99.93
1152,2022/07/19 00:00,99.93
1153,2022/07/19 01:00,99.91
1154,2022/07/19 02:00,99.91
1155,2022/07/19 03:00,99.95
1156,2022/07/19 04:00,99.94
1157,2022/07/19 05:00,99.88
1158,2022/07/19 06:00,99.78
1159,2022/07/19 07:00,99.77
1160,2022/07/19 08:00,99.87
1161,2022/07/19 09:00,99.9
1162,2022/07/19 10:00,99.91
1163,2022/07/19 11:00,99.91
1164,2022/07/19 12:00,99.88
1165,2022/07/19 13:00,99.92
1166,2022/07/19 14:00,99.89
1167,2022/07/19 15:00,99.85
1168,2022/07/19 16:00,99.92
1169,2022/07/19 17:00,99.93
1170,2022/07/19 18:00,99.86
1171,2022/07/19 19:00,99.84
1172,2022/07/19 20:00,99.83
1173,2022/07/19 21:00,99.88
1174,2022/07/19 22:00,99.93
1175,2022/07/19 23:00,99.91
1176,2022/07/20 00:00,99.8
1177,2022/07/20 01:00,99.91
1178,2022/07/20 02:00,99.9
1179,2022/07/20 03:00,99.92
1180,2022/07/20 04:00,99.94
1181,2022/07/20 05:00,99.83
1182,2022/07/20 06:00,99.87
1183,2022/07/20 07:00,99.91
1184,2022/07/20 08:00,99.91
1185,2022/07/20 09:00,99.85
1186,2022/07/20 10:00,99.83
1187,2022/07/20 11:00,99.92
1188,2022/07/20 12:00,99.93
1189,2022/07/20 13:00,99.91
1190,2022/07/20 14:00,99.91
1191,2022/07/20 15:00,99.9
1192,2022/07/20 16:00,99.91
1193,2022/07/20 17:00,99.88
1194,2022/07/20 18:00,99.83
1195,2022/07/20 19:00,99.92
1196,2022/07/20 20:00,99.88
1197,2022/07/20 21:00,99.89
1198,2022/07/20 22:00,99.81
1199,2022/07/20 23:00,99.86
1200,2022/07/21 00:00,99.92
1201,2022/07/21 01:00,99.88
1202,2022/07/21 02:00,99.94
1203,2022/07/21 03:00,99.92
1204,2022/07/21 04:00,99.89
1205,2022/07/21 05:00,99.7
1206,2022/07/21 06:00,99.79
1207,2022/07/21 07:00,99.9
1208,2022/07/21 08:00,99.92
1209,2022/07/21 09:00,99.85
1210,2022/07/21 10:00,99.78
1211,2022/07/21 11:00,99.77
1212,2022/07/21 12:00,99.88
1213,2022/07/21 13:00,99.88
1214,2022/07/21 14:00,99.92
1215,2022/07/21 15:00,99.91
1216,2022/07/21 16:00,99.9
1217,2022/07/21 17:00,99.93
1218,2022/07/21 18:00,99.91
1219,2022/07/21 19:00,99.93
1220,2022/07/21 20:00,99.92
1221,2022/07/21 21:00,99.78
1222,2022/07/21 22:00,99.84
1223,2022/07/21 23:00,99.93
1224,2022/07/22 00:00,99.64
1225,2022/07/22 01:00,99.04
1226,2022/07/22 02:00,99.23
1227,2022/07/22 03:00,99.46
1228,2022/07/22 04:00,99.31
1229,2022/07/22 05:00,99.42
1230,2022/07/22 06:00,99.68
1231,2022/07/22 07:00,99.81
1232,2022/07/22 08:00,99.89
1233,2022/07/22 09:00,99.9
1234,2022/07/22 10:00,99.84
1235,2022/07/22 11:00,99.85
1236,2022/07/22 12:00,99.79
1237,2022/07/22 13:00,99.9
1238,2022/07/22 14:00,99.84
1239,2022/07/22 15:00,99.8
1240,2022/07/22 16:00,99.83
1241,2022/07/22 17:00,99.83
1242,2022/07/22 18:00,99.85
1243,2022/07/22 19:00,99.89
1244,2022/07/22 20:00,99.69
1245,2022/07/22 21:00,99.73
1246,2022/07/22 22:00,99.8
1247,2022/07/22 23:00,99.9
1248,2022/07/23 00:00,99.75
1249,2022/07/23 01:00,99.71
1250,2022/07/23 02:00,99.48
1251,2022/07/23 03:00,99.85
1252,2022/07/23 04:00,99.6
1253,2022/07/23 05:00,99.63
1254,2022/07/23 06:00,99.61
1255,2022/07/23 07:00,99.78
1256,2022/07/23 08:00,99.9
1257,2022/07/23 09:00,99.82
1258,2022/07/23 10:00,99.9
1259,2022/07/23 11:00,99.86
1260,2022/07/23 12:00,99.75
1261,2022/07/23 13:00,99.63
1262,2022/07/23 14:00,99.89
1263,2022/07/23 15:00,99.91
1264,2022/07/23 16:00,99.86
1265,2022/07/23 17:00,99.79
1266,2022/07/23 18:00,99.85
1267,2022/07/23 19:00,99.83
1268,2022/07/23 20:00,99.8
1269,2022/07/23 21:00,99.79
1270,2022/07/23 22:00,99.77
1271,2022/07/23 23:00,99.75
1272,2022/07/24 00:00,99.76
1273,2022/07/24 01:00,99.86
1274,2022/07/24 02:00,99.87
1275,2022/07/24 03:00,99.9
1276,2022/07/24 04:00,99.95
1277,2022/07/24 05:00,99.85
1278,2022/07/24 06:00,99.71
1279,2022/07/24 07:00,99.68
1280,2022/07/24 08:00,99.73
1281,2022/07/24 09:00,99.79
1282,2022/07/24 10:00,99.83
1283,2022/07/24 11:00,99.58
1284,2022/07/24 12:00,99.51
1285,2022/07/24 13:00,99.59
1286,2022/07/24 14:00,99.9
1287,2022/07/24 15:00,99.87
1288,2022/07/24 16:00,99.89
1289,2022/07/24 17:00,99.6
1290,2022/07/24 18:00,99.29
1291,2022/07/24 19:00,99.54
1292,2022/07/24 20:00,99.75
1293,2022/07/24 21:00,99.74
1294,2022/07/24 22:00,99.87
1295,2022/07/24 23:00,99.94
1296,2022/07/25 00:00,99.94
1297,2022/07/25 01:00,99.93
1298,2022/07/25 02:00,99.94
1299,2022/07/25 03:00,99.95
1300,2022/07/25 04:00,99.65
1301,2022/07/25 05:00,99.85
1302,2022/07/25 06:00,99.77
1303,2022/07/25 07:00,99.78
1304,2022/07/25 08:00,99.92
1305,2022/07/25 09:00,99.86
1306,2022/07/25 10:00,99.9
1307,2022/07/25 11:00,99.89
1308,2022/07/25 12:00,99.89
1309,2022/07/25 13:00,99.87
1310,2022/07/25 14:00,99.87
1311,2022/07/25 15:00,99.83
1312,2022/07/25 16:00,99.91
1313,2022/07/25 17:00,99.89
1314,2022/07/25 18:00,99.93
1315,2022/07/25 19:00,99.92
1316,2022/07/25 20:00,99.92
1317,2022/07/25 21:00,99.92
1318,2022/07/25 22:00,99.94
1319,2022/07/25 23:00,99.9
1320,2022/07/26 00:00,99.89
1321,2022/07/26 01:00,99.88
1322,2022/07/26 02:00,99.95
1323,2022/07/26 03:00,99.96
1324,2022/07/26 04:00,99.95
1325,2022/07/26 05:00,99.93
1326,2022/07/26 06:00,99.81
1327,2022/07/26 07:00,99.92
1328,2022/07/26 08:00,99.92
1329,2022/07/26 09:00,99.91
1330,2022/07/26 10:00,99.89
1331,2022/07/26 11:00,99.91
1332,2022/07/26 12:00,99.92
1333,2022/07/26 13:00,99.91
1334,2022/07/26 14:00,99.88
1335,2022/07/26 15:00,99.91
1336,2022/07/26 16:00,99.78
1337,2022/07/26 17:00,99.84
1338,2022/07/26 18:00,99.79
1339,2022/07/26 19:00,99.83
1340,2022/07/26 20:00,99.91
1341,2022/07/26 21:00,99.9
1342,2022/07/26 22:00,99.93
1343,2022/07/26 23:00,99.93
1344,2022/07/27 00:00,99.95
1345,2022/07/27 01:00,99.96
1346,2022/07/27 02:00,99.96
1347,2022/07/27 03:00,99.96
1348,2022/07/27 04:00,99.96
1349,2022/07/27 05:00,99.93
1350,2022/07/27 06:00,99.92
1351,2022/07/27 07:00,99.93
1352,2022/07/27 08:00,99.9
1353,2022/07/27 09:00,99.88
1354,2022/07/27 10:00,99.91
1355,2022/07/27 11:00,99.87
1356,2022/07/27 12:00,99.83
1357,2022/07/27 13:00,99.86
1358,2022/07/27 14:00,99.9
1359,2022/07/27 15:00,99.88
1360,2022/07/27 16:00,99.91
1361,2022/07/27 17:00,99.91
1362,2022/07/27 18:00,99.92
1363,2022/07/27 19:00,99.92
1364,2022/07/27 20:00,99.89
1365,2022/07/27 21:00,99.89
1366,2022/07/27 22:00,99.94
1367,2022/07/27 23:00,99.93
1368,2022/07/28 00:00,99.95
1369,2022/07/28 01:00,99.89
1370,2022/07/28 02:00,99.94
1371,2022/07/28 03:00,99.95
1372,2022/07/28 04:00,99.93
1373,2022/07/28 05:00,99.84
1374,2022/07/28 06:00,99.89
1375,2022/07/28 07:00,99.85
1376,2022/07/28 08:00,99.86
1377,2022/07/28 09:00,99.76
1378,2022/07/28 10:00,99.8
1379,2022/07/28 11:00,99.84
1380,2022/07/28 12:00,99.89
1381,2022/07/28 13:00,99.89
1382,2022/07/28 14:00,99.88
1383,2022/07/28 15:00,99.92
1384,2022/07/28 16:00,99.88
1385,2022/07/28 17:00,99.9
1386,2022/07/28 18:00,99.91
1387,2022/07/28 19:00,99.93
1388,2022/07/28 20:00,99.91
1389,2022/07/28 21:00,99.93
1390,2022/07/28 22:00,99.92
1391,2022/07/28 23:00,99.93
1392,2022/07/29 00:00,99.91
1393,2022/07/29 01:00,99.95
1394,2022/07/29 02:00,99.81
1395,2022/07/29 03:00,99.85
1396,2022/07/29 04:00,99.92
1397,2022/07/29 05:00,99.79
1398,2022/07/29 06:00,99.7
1399,2022/07/29 07:00,99.88
1400,2022/07/29 08:00,99.9
1401,2022/07/29 09:00,99.85
1402,2022/07/29 10:00,99.9
1403,2022/07/29 11:00,99.87
1404,2022/07/29 12:00,99.92
1405,2022/07/29 13:00,99.91
1406,2022/07/29 14:00,99.93
1407,2022/07/29 15:00,99.92
1408,2022/07/29 16:00,99.86
1409,2022/07/29 17:00,99.8
1410,2022/07/29 18:00,99.9
1411,2022/07/29 19:00,99.93
1412,2022/07/29 20:00,99.93
1413,2022/07/29 21:00,99.93
1414,2022/07/29 22:00,99.94
1415,2022/07/29 23:00,99.94
1416,2022/07/30 00:00,99.95
1417,2022/07/30 01:00,99.95
1418,2022/07/30 02:00,99.95
1419,2022/07/30 03:00,99.92
1420,2022/07/30 04:00,99.89
1421,2022/07/30 05:00,99.95
1422,2022/07/30 06:00,99.73
1423,2022/07/30 07:00,99.81
1424,2022/07/30 08:00,99.83
1425,2022/07/30 09:00,99.73
1426,2022/07/30 10:00,99.7
1427,2022/07/30 11:00,99.78
1428,2022/07/30 12:00,99.9
1429,2022/07/30 13:00,99.87
1430,2022/07/30 14:00,99.82
1431,2022/07/30 15:00,99.81
1432,2022/07/30 16:00,99.69
1433,2022/07/30 17:00,99.59
1434,2022/07/30 18:00,99.41
1435,2022/07/30 19:00,98.56
1436,2022/07/30 20:00,97.9
1437,2022/07/30 21:00,98.43
1438,2022/07/30 22:00,99.69
1439,2022/07/30 23:00,99.33
1440,2022/07/31 00:00,99.75
1441,2022/07/31 01:00,99.79
1442,2022/07/31 02:00,99.82
1443,2022/07/31 03:00,99.8
1444,2022/07/31 04:00,99.83
1445,2022/07/31 05:00,99.56
1446,2022/07/31 06:00,99.67
1447,2022/07/31 07:00,99.75
1448,2022/07/31 08:00,99.88
1449,2022/07/31 09:00,99.89
1450,2022/07/31 10:00,99.86
1451,2022/07/31 11:00,99.9
1452,2022/07/31 12:00,99.89
1453,2022/07/31 13:00,99.86
1454,2022/07/31 14:00,99.67
1455,2022/07/31 15:00,99.64
1456,2022/07/31 16:00,99.82
1457,2022/07/31 17:00,99.83
1458,2022/07/31 18:00,99.8
1459,2022/07/31 19:00,99.92
1460,2022/07/31 20:00,99.89
1461,2022/07/31 21:00,99.88
1462,2022/07/31 22:00,99.83
1463,2022/07/31 23:00,99.76
1464,2022/08/01 00:00,99.83
1465,2022/08/01 01:00,99.76
1466,2022/08/01 02:00,99.76
1467,2022/08/01 03:00,99.79
1468,2022/08/01 04:00,99.64
1469,2022/08/01 05:00,99.47
1470,2022/08/01 06:00,99.8
1471,2022/08/01 07:00,99.84
1472,2022/08/01 08:00,99.93
1473,2022/08/01 09:00,99.78
1474,2022/08/01 10:00,99.78
1475,2022/08/01 11:00,99.73
1476,2022/08/01 12:00,99.87
1477,2022/08/01 13:00,99.93
1478,2022/08/01 14:00,99.91
1479,2022/08/01 15:00,99.92
1480,2022/08/01 16:00,99.9
1481,2022/08/01 17:00,99.92
1482,2022/08/01 18:00,99.93
1483,2022/08/01 19:00,99.9
1484,2022/08/01 20:00,99.93
1485,2022/08/01 21:00,99.92
1486,2022/08/01 22:00,99.93
1487,2022/08/01 23:00,99.93
1488,2022/08/02 00:00,99.95
1489,2022/08/02 01:00,99.87
1490,2022/08/02 02:00,99.94
1491,2022/08/02 03:00,99.95
1492,2022/08/02 04:00,99.95
1493,2022/08/02 05:00,99.94
1494,2022/08/02 06:00,99.82
1495,2022/08/02 07:00,99.89
1496,2022/08/02 08:00,99.93
1497,2022/08/02 09:00,99.91
1498,2022/08/02 10:00,99.91
1499,2022/08/02 11:00,99.92
1500,2022/08/02 12:00,99.91
1501,2022/08/02 13:00,99.92
1502,2022/08/02 14:00,99.93
1503,2022/08/02 15:00,99.81
1504,2022/08/02 16:00,99.91
1505,2022/08/02 17:00,99.91
1506,2022/08/02 18:00,99.93
1507,2022/08/02 19:00,99.78
1508,2022/08/02 20:00,99.76
1509,2022/08/02 21:00,99.75
1510,2022/08/02 22:00,99.7
1511,2022/08/02 23:00,99.74
1512,2022/08/03 00:00,99.66
1513,2022/08/03 01:00,99.69
1514,2022/08/03 02:00,99.72
1515,2022/08/03 03:00,99.41
1516,2022/08/03 04:00,99.62
1517,2022/08/03 05:00,99.48
1518,2022/08/03 06:00,99.59
1519,2022/08/03 07:00,99.77
1520,2022/08/03 08:00,99.92
1521,2022/08/03 09:00,99.83
1522,2022/08/03 10:00,99.89
1523,2022/08/03 11:00,99.91
1524,2022/08/03 12:00,99.85
1525,2022/08/03 13:00,99.89
1526,2022/08/03 14:00,99.76
1527,2022/08/03 15:00,99.6
1528,2022/08/03 16:00,99.73
1529,2022/08/03 17:00,99.8
1530,2022/08/03 18:00,99.92
1531,2022/08/03 19:00,99.83
1532,2022/08/03 20:00,99.81
1533,2022/08/03 21:00,99.89
1534,2022/08/03 22:00,99.93
1535,2022/08/03 23:00,99.84
1536,2022/08/04 00:00,99.91
1537,2022/08/04 01:00,99.94
1538,2022/08/04 02:00,99.95
1539,2022/08/04 03:00,99.94
1540,2022/08/04 04:00,99.94
1541,2022/08/04 05:00,99.94
1542,2022/08/04 06:00,99.88
1543,2022/08/04 07:00,99.74
1544,2022/08/04 08:00,99.92
1545,2022/08/04 09:00,99.92
1546,2022/08/04 10:00,99.92
1547,2022/08/04 11:00,99.91
1548,2022/08/04 12:00,99.92
1549,2022/08/04 13:00,99.91
1550,2022/08/04 14:00,99.92
1551,2022/08/04 15:00,99.77
1552,2022/08/04 16:00,99.91
1553,2022/08/04 17:00,99.92
1554,2022/08/04 18:00,99.82
1555,2022/08/04 19:00,99.92
1556,2022/08/04 20:00,99.9
1557,2022/08/04 21:00,99.89
1558,2022/08/04 22:00,99.93
1559,2022/08/04 23:00,99.95
1560,2022/08/05 00:00,99.89
1561,2022/08/05 01:00,99.9
1562,2022/08/05 02:00,99.86
1563,2022/08/05 03:00,99.93
1564,2022/08/05 04:00,99.95
1565,2022/08/05 05:00,99.95
1566,2022/08/05 06:00,99.93
1567,2022/08/05 07:00,99.82
1568,2022/08/05 08:00,99.84
1569,2022/08/05 09:00,99.7
1570,2022/08/05 10:00,99.74
1571,2022/08/05 11:00,99.76
1572,2022/08/05 12:00,99.8
1573,2022/08/05 13:00,99.76
1574,2022/08/05 14:00,99.81
1575,2022/08/05 15:00,99.9
1576,2022/08/05 16:00,99.91
1577,2022/08/05 17:00,99.78
1578,2022/08/05 18:00,99.87
1579,2022/08/05 19:00,99.83
1580,2022/08/05 20:00,99.62
1581,2022/08/05 21:00,99.7
1582,2022/08/05 22:00,99.78
1583,2022/08/05 23:00,99.73
1584,2022/08/06 00:00,99.68
1585,2022/08/06 01:00,99.64
1586,2022/08/06 02:00,99.69
1587,2022/08/06 03:00,98.73
1588,2022/08/06 04:00,99.24
1589,2022/08/06 05:00,99.36
1590,2022/08/06 06:00,99.87
1591,2022/08/06 07:00,99.69
1592,2022/08/06 08:00,99.8
1593,2022/08/06 09:00,99.82
1594,2022/08/06 10:00,99.87
1595,2022/08/06 11:00,99.81
1596,2022/08/06 12:00,99.88
1597,2022/08/06 13:00,99.89
1598,2022/08/06 14:00,99.86
1599,2022/08/06 15:00,99.85
1600,2022/08/06 16:00,99.79
1601,2022/08/06 17:00,99.83
1602,2022/08/06 18:00,99.79
1603,2022/08/06 19:00,99.89
1604,2022/08/06 20:00,99.8
1605,2022/08/06 21:00,99.92
1606,2022/08/06 22:00,99.92
1607,2022/08/06 23:00,99.91
1608,2022/08/07 00:00,99.94
1609,2022/08/07 01:00,99.78
1610,2022/08/07 02:00,99.94
1611,2022/08/07 03:00,99.94
1612,2022/08/07 04:00,99.94
1613,2022/08/07 05:00,99.93
1614,2022/08/07 06:00,99.88
1615,2022/08/07 07:00,99.81
1616,2022/08/07 08:00,99.9
1617,2022/08/07 09:00,99.76
1618,2022/08/07 10:00,99.65
1619,2022/08/07 11:00,99.57
1620,2022/08/07 12:00,99.68
1621,2022/08/07 13:00,99.92
1622,2022/08/07 14:00,99.85
1623,2022/08/07 15:00,99.84
1624,2022/08/07 16:00,99.81
1625,2022/08/07 17:00,99.88
1626,2022/08/07 18:00,99.82
1627,2022/08/07 19:00,99.88
1628,2022/08/07 20:00,99.75
1629,2022/08/07 21:00,99.9
1630,2022/08/07 22:00,99.91
1631,2022/08/07 23:00,99.94
1632,2022/08/08 00:00,99.9
1633,2022/08/08 01:00,99.89
1634,2022/08/08 02:00,99.85
1635,2022/08/08 03:00,99.93
1636,2022/08/08 04:00,99.94
1637,2022/08/08 05:00,99.91
1638,2022/08/08 06:00,99.8
1639,2022/08/08 07:00,99.87
1640,2022/08/08 08:00,99.85
1641,2022/08/08 09:00,99.9
1642,2022/08/08 10:00,99.89
1643,2022/08/08 11:00,99.79
1644,2022/08/08 12:00,99.85
1645,2022/08/08 13:00,99.8
1646,2022/08/08 14:00,99.87
1647,2022/08/08 15:00,99.8
1648,2022/08/08 16:00,99.59
1649,2022/08/08 17:00,99.75
1650,2022/08/08 18:00,99.69
1651,2022/08/08 19:00,99.77
1652,2022/08/08 20:00,99.78
1653,2022/08/08 21:00,99.57
1654,2022/08/08 22:00,99.7
1655,2022/08/08 23:00,99.83
1656,2022/08/09 00:00,99.79
1657,2022/08/09 01:00,99.53
1658,2022/08/09 02:00,99.39
1659,2022/08/09 03:00,99.17
1660,2022/08/09 04:00,99.1
1661,2022/08/09 05:00,98.98
1662,2022/08/09 06:00,99.74
1663,2022/08/09 07:00,99.83
1664,2022/08/09 08:00,99.9
1665,2022/08/09 09:00,99.87
1666,2022/08/09 10:00,99.85
1667,2022/08/09 11:00,99.77
1668,2022/08/09 12:00,99.86
1669,2022/08/09 13:00,99.84
1670,2022/08/09 14:00,99.68
1671,2022/08/09 15:00,99.81
1672,2022/08/09 16:00,99.86
1673,2022/08/09 17:00,99.86
1674,2022/08/09 18:00,99.92
1675,2022/08/09 19:00,99.76
1676,2022/08/09 20:00,99.78
1677,2022/08/09 21:00,99.86
1678,2022/08/09 22:00,99.69
1679,2022/08/09 23:00,99.64
1680,2022/08/10 00:00,99.76
1681,2022/08/10 01:00,99.68
1682,2022/08/10 02:00,99.16
1683,2022/08/10 03:00,99.5
1684,2022/08/10 04:00,99.54
1685,2022/08/10 05:00,99.7
1686,2022/08/10 06:00,99.68
1687,2022/08/10 07:00,99.79
1688,2022/08/10 08:00,99.9
1689,2022/08/10 09:00,99.86
1690,2022/08/10 10:00,99.82
1691,2022/08/10 11:00,99.85
1692,2022/08/10 12:00,99.86
1693,2022/08/10 13:00,99.78
1694,2022/08/10 14:00,99.83
1695,2022/08/10 15:00,99.86
1696,2022/08/10 16:00,99.85
1697,2022/08/10 17:00,99.85
1698,2022/08/10 18:00,99.75
1699,2022/08/10 19:00,98.9
1700,2022/08/10 20:00,98.84
1701,2022/08/10 21:00,99.69
1702,2022/08/10 22:00,99.85
1703,2022/08/10 23:00,99.27
1704,2022/08/11 00:00,99.84
1705,2022/08/11 01:00,99.85
1706,2022/08/11 02:00,99.94
1707,2022/08/11 03:00,99.94
1708,2022/08/11 04:00,99.95
1709,2022/08/11 05:00,99.94
1710,2022/08/11 06:00,99.89
1711,2022/08/11 07:00,99.87
1712,2022/08/11 08:00,99.9
1713,2022/08/11 09:00,99.85
1714,2022/08/11 10:00,99.91
1715,2022/08/11 11:00,99.9
1716,2022/08/11 12:00,99.9
1717,2022/08/11 13:00,99.91
1718,2022/08/11 14:00,99.89
1719,2022/08/11 15:00,99.89
1720,2022/08/11 16:00,99.88
1721,2022/08/11 17:00,99.84
1722,2022/08/11 18:00,99.91
1723,2022/08/11 19:00,99.91
1724,2022/08/11 20:00,99.91
1725,2022/08/11 21:00,99.79
1726,2022/08/11 22:00,99.86
1727,2022/08/11 23:00,99.93
1728,2022/08/12 00:00,99.67
1729,2022/08/12 01:00,99.53
1730,2022/08/12 02:00,99.58
1731,2022/08/12 03:00,99.63
1732,2022/08/12 04:00,99.68
1733,2022/08/12 05:00,99.76
1734,2022/08/12 06:00,99.74
1735,2022/08/12 07:00,99.9
1736,2022/08/12 08:00,99.89
1737,2022/08/12 09:00,99.87
1738,2022/08/12 10:00,99.86
1739,2022/08/12 11:00,99.9
1740,2022/08/12 12:00,99.87
1741,2022/08/12 13:00,99.89
1742,2022/08/12 14:00,99.86
1743,2022/08/12 15:00,99.79
1744,2022/08/12 16:00,99.89
1745,2022/08/12 17:00,99.89
1746,2022/08/12 18:00,99.83
1747,2022/08/12 19:00,99.1
1748,2022/08/12 20:00,99.28
1749,2022/08/12 21:00,99.26
1750,2022/08/12 22:00,99.61
1751,2022/08/12 23:00,99.86
1752,2022/08/13 00:00,99.85
1753,2022/08/13 01:00,99.85
1754,2022/08/13 02:00,99.86
1755,2022/08/13 03:00,99.92
1756,2022/08/13 04:00,99.86
1757,2022/08/13 05:00,99.92
1758,2022/08/13 06:00,99.92
1759,2022/08/13 07:00,99.89
1760,2022/08/13 08:00,99.79
1761,2022/08/13 09:00,99.74
1762,2022/08/13 10:00,99.71
1763,2022/08/13 11:00,99.73
1764,2022/08/13 12:00,99.78
1765,2022/08/13 13:00,99.82
1766,2022/08/13 14:00,99.78
1767,2022/08/13 15:00,99.85
1768,2022/08/13 16:00,99.62
1769,2022/08/13 17:00,99.65
1770,2022/08/13 18:00,99.84
1771,2022/08/13 19:00,99.64
1772,2022/08/13 20:00,99.86
1773,2022/08/13 21:00,99.85
1774,2022/08/13 22:00,99.89
1775,2022/08/13 23:00,99.85
1776,2022/08/14 00:00,99.89
1777,2022/08/14 01:00,99.77
1778,2022/08/14 02:00,99.73
1779,2022/08/14 03:00,99.71
1780,2022/08/14 04:00,99.69
1781,2022/08/14 05:00,99.62
1782,2022/08/14 06:00,99.81
1783,2022/08/14 07:00,99.92
1784,2022/08/14 08:00,99.92
1785,2022/08/14 09:00,99.92
1786,2022/08/14 10:00,99.82
1787,2022/08/14 11:00,99.91
1788,2022/08/14 12:00,99.92
1789,2022/08/14 13:00,99.91
1790,2022/08/14 14:00,99.8
1791,2022/08/14 15:00,99.85
1792,2022/08/14 16:00,99.91
1793,2022/08/14 17:00,99.8
1794,2022/08/14 18:00,99.88
1795,2022/08/14 19:00,99.9
1796,2022/08/14 20:00,99.9
1797,2022/08/14 21:00,99.91
1798,2022/08/14 22:00,99.92
1799,2022/08/14 23:00,99.94
1800,2022/08/15 00:00,99.87
1801,2022/08/15 01:00,99.77
1802,2022/08/15 02:00,99.83
1803,2022/08/15 03:00,99.76
1804,2022/08/15 04:00,99.16
1805,2022/08/15 05:00,99.08
1806,2022/08/15 06:00,99.81
1807,2022/08/15 07:00,99.84
1808,2022/08/15 08:00,99.91
1809,2022/08/15 09:00,99.9
1810,2022/08/15 10:00,99.92
1811,2022/08/15 11:00,99.85
1812,2022/08/15 12:00,99.87
1813,2022/08/15 13:00,99.79
1814,2022/08/15 14:00,99.9
1815,2022/08/15 15:00,99.84
1816,2022/08/15 16:00,99.91
1817,2022/08/15 17:00,99.85
1818,2022/08/15 18:00,99.83
1819,2022/08/15 19:00,99.9
1820,2022/08/15 20:00,99.83
1821,2022/08/15 21:00,99.89
1822,2022/08/15 22:00,99.92
1823,2022/08/15 23:00,99.92
1824,2022/08/16 00:00,99.92
1825,2022/08/16 01:00,99.95
1826,2022/08/16 02:00,99.94
1827,2022/08/16 03:00,99.95
1828,2022/08/16 04:00,99.66
1829,2022/08/16 05:00,99.38
1830,2022/08/16 06:00,99.75
1831,2022/08/16 07:00,99.78
1832,2022/08/16 08:00,99.82
1833,2022/08/16 09:00,99.91
1834,2022/08/16 10:00,99.9
1835,2022/08/16 11:00,99.91
1836,2022/08/16 12:00,99.88
1837,2022/08/16 13:00,99.89
1838,2022/08/16 14:00,99.87
1839,2022/08/16 15:00,99.85
1840,2022/08/16 16:00,99.89
1841,2022/08/16 17:00,99.91
1842,2022/08/16 18:00,99.86
1843,2022/08/16 19:00,99.9
1844,2022/08/16 20:00,99.88
1845,2022/08/16 21:00,99.85
1846,2022/08/16 22:00,99.86
1847,2022/08/16 23:00,99.74
1848,2022/08/17 00:00,99.93
1849,2022/08/17 01:00,99.94
1850,2022/08/17 02:00,99.94
1851,2022/08/17 03:00,99.94
1852,2022/08/17 04:00,99.94
1853,2022/08/17 05:00,99.85
1854,2022/08/17 06:00,99.91
1855,2022/08/17 07:00,99.87
1856,2022/08/17 08:00,99.89
1857,2022/08/17 09:00,99.89
1858,2022/08/17 10:00,99.89
1859,2022/08/17 11:00,99.86
1860,2022/08/17 12:00,99.89
1861,2022/08/17 13:00,99.9
1862,2022/08/17 14:00,99.88
1863,2022/08/17 15:00,99.91
1864,2022/08/17 16:00,99.87
1865,2022/08/17 17:00,99.86
1866,2022/08/17 18:00,99.77
1867,2022/08/17 19:00,99.87
1868,2022/08/17 20:00,99.89
1869,2022/08/17 21:00,99.89
1870,2022/08/17 22:00,99.93
1871,2022/08/17 23:00,99.93
1872,2022/08/18 00:00,99.78
1873,2022/08/18 01:00,99.41
1874,2022/08/18 02:00,99.56
1875,2022/08/18 03:00,99.5
1876,2022/08/18 04:00,99.24
1877,2022/08/18 05:00,99.54
1878,2022/08/18 06:00,99.75
1879,2022/08/18 07:00,99.85
1880,2022/08/18 08:00,99.82
1881,2022/08/18 09:00,99.75
1882,2022/08/18 10:00,99.49
1883,2022/08/18 11:00,99.88
1884,2022/08/18 12:00,99.89
1885,2022/08/18 13:00,99.91
1886,2022/08/18 14:00,99.92
1887,2022/08/18 15:00,99.91
1888,2022/08/18 16:00,99.92
1889,2022/08/18 17:00,99.9
1890,2022/08/18 18:00,99.89
1891,2022/08/18 19:00,99.91
1892,2022/08/18 20:00,99.89
1893,2022/08/18 21:00,99.85
1894,2022/08/18 22:00,99.92
1895,2022/08/18 23:00,99.79
1896,2022/08/19 00:00,99.78
1897,2022/08/19 01:00,99.95
1898,2022/08/19 02:00,99.94
1899,2022/08/19 03:00,99.94
1900,2022/08/19 04:00,99.93
1901,2022/08/19 05:00,99.94
1902,2022/08/19 06:00,99.93
1903,2022/08/19 07:00,99.92
1904,2022/08/19 08:00,99.86
1905,2022/08/19 09:00,99.89
1906,2022/08/19 10:00,99.81
1907,2022/08/19 11:00,99.91
1908,2022/08/19 12:00,99.89
1909,2022/08/19 13:00,99.9
1910,2022/08/19 14:00,99.88
1911,2022/08/19 15:00,99.91
1912,2022/08/19 16:00,99.88
1913,2022/08/19 17:00,99.82
1914,2022/08/19 18:00,99.91
1915,2022/08/19 19:00,99.88
1916,2022/08/19 20:00,99.89
1917,2022/08/19 21:00,99.81
1918,2022/08/19 22:00,99.81
1919,2022/08/19 23:00,99.6
1920,2022/08/20 00:00,99.44
1921,2022/08/20 01:00,99.36
1922,2022/08/20 02:00,99.36
1923,2022/08/20 03:00,99.28
1924,2022/08/20 04:00,99.28
1925,2022/08/20 05:00,99.3
1926,2022/08/20 06:00,99.47
1927,2022/08/20 07:00,99.62
1928,2022/08/20 08:00,99.71
1929,2022/08/20 09:00,99.75
1930,2022/08/20 10:00,99.72
1931,2022/08/20 11:00,99.74
1932,2022/08/20 12:00,99.47
1933,2022/08/20 13:00,99.62
1934,2022/08/20 14:00,99.67
1935,2022/08/20 15:00,99.67
1936,2022/08/20 16:00,99.66
1937,2022/08/20 17:00,99.59
1938,2022/08/20 18:00,99.63
1939,2022/08/20 19:00,99.68
1940,2022/08/20 20:00,99.54
1941,2022/08/20 21:00,99.12
1942,2022/08/20 22:00,99.03
1943,2022/08/20 23:00,98.78
1944,2022/08/21 00:00,98.09
1945,2022/08/21 01:00,98.49
1946,2022/08/21 02:00,98.08
1947,2022/08/21 03:00,99.39
1948,2022/08/21 04:00,99.43
1949,2022/08/21 05:00,99.26
1950,2022/08/21 06:00,99.34
1951,2022/08/21 07:00,99.39
1952,2022/08/21 08:00,99.62
1953,2022/08/21 09:00,99.51
1954,2022/08/21 10:00,99.81
1955,2022/08/21 11:00,99.88
1956,2022/08/21 12:00,99.9
1957,2022/08/21 13:00,99.69
1958,2022/08/21 14:00,99.79
1959,2022/08/21 15:00,99.73
1960,2022/08/21 16:00,99.81
1961,2022/08/21 17:00,99.76
1962,2022/08/21 18:00,99.84
1963,2022/08/21 19:00,99.89
1964,2022/08/21 20:00,99.85
1965,2022/08/21 21:00,99.84
1966,2022/08/21 22:00,99.9
1967,2022/08/21 23:00,99.93
1968,2022/08/22 00:00,99.8
1969,2022/08/22 01:00,99.59
1970,2022/08/22 02:00,99.33
1971,2022/08/22 03:00,99.41
1972,2022/08/22 04:00,99.45
1973,2022/08/22 05:00,99.67
1974,2022/08/22 06:00,99.53
1975,2022/08/22 07:00,99.77
1976,2022/08/22 08:00,99.88
1977,2022/08/22 09:00,99.91
1978,2022/08/22 10:00,99.88
1979,2022/08/22 11:00,99.82
1980,2022/08/22 12:00,99.86
1981,2022/08/22 13:00,99.8
1982,2022/08/22 14:00,99.84
1983,2022/08/22 15:00,99.72
1984,2022/08/22 16:00,99.74
1985,2022/08/22 17:00,99.79
1986,2022/08/22 18:00,99.86
1987,2022/08/22 19:00,99.91
1988,2022/08/22 20:00,99.9
1989,2022/08/22 21:00,99.87
1990,2022/08/22 22:00,99.9
1991,2022/08/22 23:00,99.9
1992,2022/08/23 00:00,99.77
1993,2022/08/23 01:00,99.77
1994,2022/08/23 02:00,99.68
1995,2022/08/23 03:00,99.43
1996,2022/08/23 04:00,99.47
1997,2022/08/23 05:00,99.73
1998,2022/08/23 06:00,99.7
1999,2022/08/23 07:00,99.84
2000,2022/08/23 08:00,99.88
2001,2022/08/23 09:00,99.86
2002,2022/08/23 10:00,99.73
2003,2022/08/23 11:00,99.49
2004,2022/08/23 12:00,99.89
2005,2022/08/23 13:00,99.83
2006,2022/08/23 14:00,99.89
2007,2022/08/23 15:00,99.91
2008,2022/08/23 16:00,99.89
2009,2022/08/23 17:00,99.9
2010,2022/08/23 18:00,99.92
2011,2022/08/23 19:00,99.89
2012,2022/08/23 20:00,99.86
2013,2022/08/23 21:00,99.83
2014,2022/08/23 22:00,99.81
2015,2022/08/23 23:00,99.74
2016,2022/08/24 00:00,99.73
2017,2022/08/24 01:00,99.68
2018,2022/08/24 02:00,99.59
2019,2022/08/24 03:00,99.64
2020,2022/08/24 04:00,99.73
2021,2022/08/24 05:00,99.73
2022,2022/08/24 06:00,99.72
2023,2022/08/24 07:00,99.89
2024,2022/08/24 08:00,99.79
2025,2022/08/24 09:00,99.9
2026,2022/08/24 10:00,99.91
2027,2022/08/24 11:00,99.88
2028,2022/08/24 12:00,99.86
2029,2022/08/24 13:00,99.91
2030,2022/08/24 14:00,99.92
2031,2022/08/24 15:00,99.91
2032,2022/08/24 16:00,99.91
2033,2022/08/24 17:00,99.9
2034,2022/08/24 18:00,99.92
2035,2022/08/24 19:00,99.89
2036,2022/08/24 20:00,99.9
2037,2022/08/24 21:00,99.9
2038,2022/08/24 22:00,99.91
2039,2022/08/24 23:00,99.89
2040,2022/08/25 00:00,99.92
2041,2022/08/25 01:00,99.65
2042,2022/08/25 02:00,99.95
2043,2022/08/25 03:00,99.94
2044,2022/08/25 04:00,99.95
2045,2022/08/25 05:00,99.89
2046,2022/08/25 06:00,99.93
2047,2022/08/25 07:00,99.9
2048,2022/08/25 08:00,99.9
2049,2022/08/25 09:00,99.92
2050,2022/08/25 10:00,99.9
2051,2022/08/25 11:00,99.9
2052,2022/08/25 12:00,99.91
2053,2022/08/25 13:00,99.9
2054,2022/08/25 14:00,99.9
2055,2022/08/25 15:00,99.86
2056,2022/08/25 16:00,99.83
2057,2022/08/25 17:00,99.78
2058,2022/08/25 18:00,99.9
2059,2022/08/25 19:00,99.88
2060,2022/08/25 20:00,99.81
2061,2022/08/25 21:00,99.88
2062,2022/08/25 22:00,99.84
2063,2022/08/25 23:00,99.75
2064,2022/08/26 00:00,99.68
2065,2022/08/26 01:00,99.73
2066,2022/08/26 02:00,99.6
2067,2022/08/26 03:00,99.27
2068,2022/08/26 04:00,99.64
2069,2022/08/26 05:00,99.73
2070,2022/08/26 06:00,99.76
2071,2022/08/26 07:00,99.8
2072,2022/08/26 08:00,99.89
2073,2022/08/26 09:00,99.91
2074,2022/08/26 10:00,99.92
2075,2022/08/26 11:00,99.92
2076,2022/08/26 12:00,99.9
2077,2022/08/26 13:00,99.91
2078,2022/08/26 14:00,99.91
2079,2022/08/26 15:00,99.91
2080,2022/08/26 16:00,99.88
2081,2022/08/26 17:00,99.77
2082,2022/08/26 18:00,99.9
2083,2022/08/26 19:00,99.92
2084,2022/08/26 20:00,99.88
2085,2022/08/26 21:00,99.87
2086,2022/08/26 22:00,99.9
2087,2022/08/26 23:00,99.91
2088,2022/08/27 00:00,99.93
2089,2022/08/27 01:00,99.93
2090,2022/08/27 02:00,99.94
2091,2022/08/27 03:00,99.88
2092,2022/08/27 04:00,99.62
2093,2022/08/27 05:00,99.77
2094,2022/08/27 06:00,99.8
2095,2022/08/27 07:00,99.84
2096,2022/08/27 08:00,99.76
2097,2022/08/27 09:00,99.81
2098,2022/08/27 10:00,99.87
2099,2022/08/27 11:00,99.84
2100,2022/08/27 12:00,99.9
2101,2022/08/27 13:00,99.79
2102,2022/08/27 14:00,99.89
2103,2022/08/27 15:00,99.86
2104,2022/08/27 16:00,99.76
2105,2022/08/27 17:00,99.77
2106,2022/08/27 18:00,99.83
2107,2022/08/27 19:00,93.48
2108,2022/08/27 20:00,76.57
2109,2022/08/27 21:00,99.83
2110,2022/08/27 22:00,99.88
2111,2022/08/27 23:00,99.8
2112,2022/08/28 00:00,99.52
2113,2022/08/28 01:00,99.04
2114,2022/08/28 02:00,99.4
2115,2022/08/28 03:00,99.16
2116,2022/08/28 04:00,98.51
2117,2022/08/28 05:00,99.44
2118,2022/08/28 06:00,99.63
2119,2022/08/28 07:00,99.81
2120,2022/08/28 08:00,99.76
2121,2022/08/28 09:00,99.82
2122,2022/08/28 10:00,99.84
2123,2022/08/28 11:00,99.75
2124,2022/08/28 12:00,99.76
2125,2022/08/28 13:00,99.84
2126,2022/08/28 14:00,99.91
2127,2022/08/28 15:00,99.74
2128,2022/08/28 16:00,99.81
2129,2022/08/28 17:00,99.84
2130,2022/08/28 18:00,99.76
2131,2022/08/28 19:00,99.7
2132,2022/08/28 20:00,99.77
2133,2022/08/28 21:00,99.69
2134,2022/08/28 22:00,99.85
2135,2022/08/28 23:00,99.68
2136,2022/08/29 00:00,99.64
2137,2022/08/29 01:00,99.33
2138,2022/08/29 02:00,99.66
2139,2022/08/29 03:00,99.54
2140,2022/08/29 04:00,99.65
2141,2022/08/29 05:00,99.21
2142,2022/08/29 06:00,99.56
2143,2022/08/29 07:00,99.82
2144,2022/08/29 08:00,99.86
2145,2022/08/29 09:00,99.9
2146,2022/08/29 10:00,99.92
2147,2022/08/29 11:00,99.9
2148,2022/08/29 12:00,99.91
2149,2022/08/29 13:00,99.81
2150,2022/08/29 14:00,99.81
2151,2022/08/29 15:00,99.88
2152,2022/08/29 16:00,99.88
2153,2022/08/29 17:00,99.88
2154,2022/08/29 18:00,99.91
2155,2022/08/29 19:00,99.88
2156,2022/08/29 20:00,99.77
2157,2022/08/29 21:00,99.78
2158,2022/08/29 22:00,99.9
2159,2022/08/29 23:00,99.75
2160,2022/08/30 00:00,99.55
2161,2022/08/30 01:00,99.33
2162,2022/08/30 02:00,99.37
2163,2022/08/30 03:00,98.84
2164,2022/08/30 04:00,98.95
2165,2022/08/30 05:00,98.73
2166,2022/08/30 06:00,99.26
2167,2022/08/30 07:00,99.71
2168,2022/08/30 08:00,99.89
2169,2022/08/30 09:00,99.87
2170,2022/08/30 10:00,99.88
2171,2022/08/30 11:00,99.84
2172,2022/08/30 12:00,99.89
2173,2022/08/30 13:00,99.91
2174,2022/08/30 14:00,99.89
2175,2022/08/30 15:00,99.91
2176,2022/08/30 16:00,99.87
2177,2022/08/30 17:00,99.86
2178,2022/08/30 18:00,99.9
2179,2022/08/30 19:00,99.93
2180,2022/08/30 20:00,99.79
2181,2022/08/30 21:00,99.93
2182,2022/08/30 22:00,99.92
2183,2022/08/30 23:00,99.92
2184,2022/08/31 00:00,99.75
2185,2022/08/31 01:00,98.86
2186,2022/08/31 02:00,98.87
2187,2022/08/31 03:00,98.85
2188,2022/08/31 04:00,98.81
2189,2022/08/31 05:00,99.17
2190,2022/08/31 06:00,99.59
2191,2022/08/31 07:00,99.78
2192,2022/08/31 08:00,99.9
2193,2022/08/31 09:00,99.84
2194,2022/08/31 10:00,99.86
2195,2022/08/31 11:00,99.88
2196,2022/08/31 12:00,99.76
2197,2022/08/31 13:00,99.9
2198,2022/08/31 14:00,99.92
2199,2022/08/31 15:00,99.9
2200,2022/08/31 16:00,99.9
2201,2022/08/31 17:00,99.87
2202,2022/08/31 18:00,99.83
2203,2022/08/31 19:00,99.89
2204,2022/08/31 20:00,99.66
2205,2022/08/31 21:00,99.63
2206,2022/08/31 22:00,99.84
2207,2022/08/31 23:00,99.94
2208,2022/09/01 00:00,99.92
2209,2022/09/01 01:00,99.93
2210,2022/09/01 02:00,99.94
2211,2022/09/01 03:00,99.95
2212,2022/09/01 04:00,99.63
2213,2022/09/01 05:00,99.93
2214,2022/09/01 06:00,99.92
2215,2022/09/01 07:00,99.89
2216,2022/09/01 08:00,99.87
2217,2022/09/01 09:00,99.88
2218,2022/09/01 10:00,99.91
2219,2022/09/01 11:00,99.67
2220,2022/09/01 12:00,99.66
2221,2022/09/01 13:00,99.78
2222,2022/09/01 14:00,99.8
2223,2022/09/01 15:00,99.79
2224,2022/09/01 16:00,99.72
2225,2022/09/01 17:00,99.7
2226,2022/09/01 18:00,99.63
2227,2022/09/01 19:00,99.77
2228,2022/09/01 20:00,99.71
2229,2022/09/01 21:00,99.85
2230,2022/09/01 22:00,99.88
2231,2022/09/01 23:00,99.78
2232,2022/09/02 00:00,99.92
2233,2022/09/02 01:00,99.81
2234,2022/09/02 02:00,99.93
2235,2022/09/02 03:00,99.92
2236,2022/09/02 04:00,99.89
2237,2022/09/02 05:00,99.93
2238,2022/09/02 06:00,99.92
2239,2022/09/02 07:00,99.9
2240,2022/09/02 08:00,99.88
2241,2022/09/02 09:00,99.87
2242,2022/09/02 10:00,99.84
2243,2022/09/02 11:00,99.83
2244,2022/09/02 12:00,99.89
2245,2022/09/02 13:00,99.9
2246,2022/09/02 14:00,99.9
2247,2022/09/02 15:00,99.88
2248,2022/09/02 16:00,99.75
2249,2022/09/02 17:00,99.88
2250,2022/09/02 18:00,99.75
2251,2022/09/02 19:00,99.62
2252,2022/09/02 20:00,99.41
2253,2022/09/02 21:00,99.88
2254,2022/09/02 22:00,99.9
2255,2022/09/02 23:00,99.89
2256,2022/09/03 00:00,99.86
2257,2022/09/03 01:00,99.16
2258,2022/09/03 02:00,99.31
2259,2022/09/03 03:00,99.74
2260,2022/09/03 04:00,99.73
2261,2022/09/03 05:00,99.49
2262,2022/09/03 06:00,99.63
2263,2022/09/03 07:00,99.81
2264,2022/09/03 08:00,99.69
2265,2022/09/03 09:00,99.78
2266,2022/09/03 10:00,99.66
2267,2022/09/03 11:00,99.85
2268,2022/09/03 12:00,99.89
2269,2022/09/03 13:00,99.83
2270,2022/09/03 14:00,99.86
2271,2022/09/03 15:00,99.83
2272,2022/09/03 16:00,99.8
2273,2022/09/03 17:00,99.68
2274,2022/09/03 18:00,99.71
2275,2022/09/03 19:00,99.45
2276,2022/09/03 20:00,99.19
2277,2022/09/03 21:00,99.58
2278,2022/09/03 22:00,99.74
2279,2022/09/03 23:00,99.82
2280,2022/09/04 00:00,99.77
2281,2022/09/04 01:00,99.73
2282,2022/09/04 02:00,99.7
2283,2022/09/04 03:00,99.69
2284,2022/09/04 04:00,99.57
2285,2022/09/04 05:00,99.67
2286,2022/09/04 06:00,99.78
2287,2022/09/04 07:00,99.81
2288,2022/09/04 08:00,99.69
2289,2022/09/04 09:00,99.76
2290,2022/09/04 10:00,99.8
2291,2022/09/04 11:00,99.59
2292,2022/09/04 12:00,99.59
2293,2022/09/04 13:00,99.74
2294,2022/09/04 14:00,99.79
2295,2022/09/04 15:00,99.76
2296,2022/09/04 16:00,99.71
2297,2022/09/04 17:00,99.66
2298,2022/09/04 18:00,99.78
2299,2022/09/04 19:00,99.82
2300,2022/09/04 20:00,99.88
2301,2022/09/04 21:00,99.81
2302,2022/09/04 22:00,99.81
2303,2022/09/04 23:00,99.74
2304,2022/09/05 00:00,99.68
2305,2022/09/05 01:00,99.49
2306,2022/09/05 02:00,99.33
2307,2022/09/05 03:00,98.73
2308,2022/09/05 04:00,98.9
2309,2022/09/05 05:00,99.29
2310,2022/09/05 06:00,99.6
2311,2022/09/05 07:00,99.8
2312,2022/09/05 08:00,99.83
2313,2022/09/05 09:00,99.56
2314,2022/09/05 10:00,99.77
2315,2022/09/05 11:00,99.86
2316,2022/09/05 12:00,99.93
2317,2022/09/05 13:00,99.87
2318,2022/09/05 14:00,99.88
2319,2022/09/05 15:00,99.79
2320,2022/09/05 16:00,99.77
2321,2022/09/05 17:00,99.66
2322,2022/09/05 18:00,99.8
2323,2022/09/05 19:00,99.89
2324,2022/09/05 20:00,99.74
2325,2022/09/05 21:00,99.7
2326,2022/09/05 22:00,99.8
2327,2022/09/05 23:00,99.84
2328,2022/09/06 00:00,99.88
2329,2022/09/06 01:00,99.62
2330,2022/09/06 02:00,99.71
2331,2022/09/06 03:00,99.69
2332,2022/09/06 04:00,99.02
2333,2022/09/06 05:00,99.51
2334,2022/09/06 06:00,99.78
2335,2022/09/06 07:00,99.77
2336,2022/09/06 08:00,99.86
2337,2022/09/06 09:00,99.82
2338,2022/09/06 10:00,99.84
2339,2022/09/06 11:00,99.89
2340,2022/09/06 12:00,99.91
2341,2022/09/06 13:00,99.87
2342,2022/09/06 14:00,99.87
2343,2022/09/06 15:00,99.91
2344,2022/09/06 16:00,99.82
2345,2022/09/06 17:00,99.77
2346,2022/09/06 18:00,99.71
2347,2022/09/06 19:00,99.7
2348,2022/09/06 20:00,99.89
2349,2022/09/06 21:00,99.75
2350,2022/09/06 22:00,99.85
2351,2022/09/06 23:00,99.78
2352,2022/09/07 00:00,99.8
2353,2022/09/07 01:00,99.74
2354,2022/09/07 02:00,99.77
2355,2022/09/07 03:00,99.63
2356,2022/09/07 04:00,99.37
2357,2022/09/07 05:00,99.76
2358,2022/09/07 06:00,99.75
2359,2022/09/07 07:00,99.75
2360,2022/09/07 08:00,99.91
2361,2022/09/07 09:00,99.92
2362,2022/09/07 10:00,99.91
2363,2022/09/07 11:00,99.9
2364,2022/09/07 12:00,99.91
2365,2022/09/07 13:00,99.85
2366,2022/09/07 14:00,99.85
2367,2022/09/07 15:00,99.9
2368,2022/09/07 16:00,99.9
2369,2022/09/07 17:00,99.67
2370,2022/09/07 18:00,99.81
2371,2022/09/07 19:00,99.88
2372,2022/09/07 20:00,99.58
2373,2022/09/07 21:00,99.75
2374,2022/09/07 22:00,99.88
2375,2022/09/07 23:00,99.78
2376,2022/09/08 00:00,99.95
2377,2022/09/08 01:00,99.94
2378,2022/09/08 02:00,99.95
2379,2022/09/08 03:00,99.94
2380,2022/09/08 04:00,99.92
2381,2022/09/08 05:00,99.69
2382,2022/09/08 06:00,99.74
2383,2022/09/08 07:00,99.89
2384,2022/09/08 08:00,99.84
2385,2022/09/08 09:00,99.86
2386,2022/09/08 10:00,99.87
2387,2022/09/08 11:00,99.88
2388,2022/09/08 12:00,99.89
2389,2022/09/08 13:00,99.84
2390,2022/09/08 14:00,99.87
2391,2022/09/08 15:00,99.85
2392,2022/09/08 16:00,99.9
2393,2022/09/08 17:00,99.89
2394,2022/09/08 18:00,99.91
2395,2022/09/08 19:00,99.84
2396,2022/09/08 20:00,99.83
2397,2022/09/08 21:00,99.9
2398,2022/09/08 22:00,99.93
2399,2022/09/08 23:00,99.86
2400,2022/09/09 00:00,99.95
2401,2022/09/09 01:00,99.95
2402,2022/09/09 02:00,99.94
2403,2022/09/09 03:00,99.95
2404,2022/09/09 04:00,99.95
2405,2022/09/09 05:00,99.94
2406,2022/09/09 06:00,99.94
2407,2022/09/09 07:00,99.92
2408,2022/09/09 08:00,99.92
2409,2022/09/09 09:00,99.86
2410,2022/09/09 10:00,99.9
2411,2022/09/09 11:00,99.89
2412,2022/09/09 12:00,99.9
2413,2022/09/09 13:00,99.92
2414,2022/09/09 14:00,99.66
2415,2022/09/09 15:00,99.91
2416,2022/09/09 16:00,99.89
2417,2022/09/09 17:00,99.79
2418,2022/09/09 18:00,99.81
2419,2022/09/09 19:00,99.86
2420,2022/09/09 20:00,99.79
2421,2022/09/09 21:00,99.62
2422,2022/09/09 22:00,99.29
2423,2022/09/09 23:00,99.86
2424,2022/09/10 00:00,99.58
2425,2022/09/10 01:00,99.16
2426,2022/09/10 02:00,99.1
2427,2022/09/10 03:00,99.78
2428,2022/09/10 04:00,99.78
2429,2022/09/10 05:00,99.8
2430,2022/09/10 06:00,99.67
2431,2022/09/10 07:00,99.89
2432,2022/09/10 08:00,99.83
2433,2022/09/10 09:00,99.88
2434,2022/09/10 10:00,99.82
2435,2022/09/10 11:00,99.81
2436,2022/09/10 12:00,99.87
2437,2022/09/10 13:00,99.89
2438,2022/09/10 14:00,99.85
2439,2022/09/10 15:00,99.65
2440,2022/09/10 16:00,99.65
2441,2022/09/10 17:00,99.6
2442,2022/09/10 18:00,99.74
2443,2022/09/10 19:00,99.77
2444,2022/09/10 20:00,99.63
2445,2022/09/10 21:00,99.76
2446,2022/09/10 22:00,99.72
2447,2022/09/10 23:00,99.65
2448,2022/09/11 00:00,99.63
2449,2022/09/11 01:00,99.42
2450,2022/09/11 02:00,99.5
2451,2022/09/11 03:00,99.27
2452,2022/09/11 04:00,99.24
2453,2022/09/11 05:00,99.67
2454,2022/09/11 06:00,99.7
2455,2022/09/11 07:00,99.77
2456,2022/09/11 08:00,99.86
2457,2022/09/11 09:00,99.7
2458,2022/09/11 10:00,99.77
2459,2022/09/11 11:00,99.45
2460,2022/09/11 12:00,99.35
2461,2022/09/11 13:00,99.62
2462,2022/09/11 14:00,99.82
2463,2022/09/11 15:00,99.88
2464,2022/09/11 16:00,99.85
2465,2022/09/11 17:00,99.7
2466,2022/09/11 18:00,99.74
2467,2022/09/11 19:00,99.76
2468,2022/09/11 20:00,99.74
2469,2022/09/11 21:00,99.75
2470,2022/09/11 22:00,99.73
2471,2022/09/11 23:00,99.5
2472,2022/09/12 00:00,99.36
2473,2022/09/12 01:00,99.08
2474,2022/09/12 02:00,99.1
2475,2022/09/12 03:00,98.94
2476,2022/09/12 04:00,98.78
2477,2022/09/12 05:00,99.11
2478,2022/09/12 06:00,99.81
2479,2022/09/12 07:00,99.86
2480,2022/09/12 08:00,99.92
2481,2022/09/12 09:00,99.9
2482,2022/09/12 10:00,99.84
2483,2022/09/12 11:00,99.83
2484,2022/09/12 12:00,99.87
2485,2022/09/12 13:00,99.86
2486,2022/09/12 14:00,99.88
2487,2022/09/12 15:00,99.76
2488,2022/09/12 16:00,99.87
2489,2022/09/12 17:00,99.87
2490,2022/09/12 18:00,99.83
2491,2022/09/12 19:00,99.81
2492,2022/09/12 20:00,99.92
2493,2022/09/12 21:00,99.86
2494,2022/09/12 22:00,99.85
2495,2022/09/12 23:00,99.7
2496,2022/09/13 00:00,99.5
2497,2022/09/13 01:00,99.55
2498,2022/09/13 02:00,99.5
2499,2022/09/13 03:00,98.38
2500,2022/09/13 04:00,98.14
2501,2022/09/13 05:00,98.66
2502,2022/09/13 06:00,99.48
2503,2022/09/13 07:00,99.75
2504,2022/09/13 08:00,99.89
2505,2022/09/13 09:00,99.9
2506,2022/09/13 10:00,99.91
2507,2022/09/13 11:00,99.9
2508,2022/09/13 12:00,99.91
2509,2022/09/13 13:00,99.89
2510,2022/09/13 14:00,99.91
2511,2022/09/13 15:00,99.89
2512,2022/09/13 16:00,99.89
2513,2022/09/13 17:00,99.9
2514,2022/09/13 18:00,99.86
2515,2022/09/13 19:00,99.82
2516,2022/09/13 20:00,99.88
2517,2022/09/13 21:00,99.9
2518,2022/09/13 22:00,99.83
2519,2022/09/13 23:00,99.73
2520,2022/09/14 00:00,99.78
2521,2022/09/14 01:00,99.67
2522,2022/09/14 02:00,99.79
2523,2022/09/14 03:00,99.6
2524,2022/09/14 04:00,99.77
2525,2022/09/14 05:00,99.84
2526,2022/09/14 06:00,99.5
2527,2022/09/14 07:00,99.84
2528,2022/09/14 08:00,99.92
2529,2022/09/14 09:00,99.9
2530,2022/09/14 10:00,99.91
2531,2022/09/14 11:00,99.9
2532,2022/09/14 12:00,99.91
2533,2022/09/14 13:00,99.85
2534,2022/09/14 14:00,99.89
2535,2022/09/14 15:00,99.9
2536,2022/09/14 16:00,99.92
2537,2022/09/14 17:00,99.89
2538,2022/09/14 18:00,99.75
2539,2022/09/14 19:00,99.87
2540,2022/09/14 20:00,99.91
2541,2022/09/14 21:00,99.8
2542,2022/09/14 22:00,99.94
2543,2022/09/14 23:00,99.92
2544,2022/09/15 00:00,99.93
2545,2022/09/15 01:00,99.9
2546,2022/09/15 02:00,99.95
2547,2022/09/15 03:00,99.78
2548,2022/09/15 04:00,99.93
2549,2022/09/15 05:00,99.94
2550,2022/09/15 06:00,99.94
2551,2022/09/15 07:00,99.92
2552,2022/09/15 08:00,99.87
2553,2022/09/15 09:00,99.91
2554,2022/09/15 10:00,99.89
2555,2022/09/15 11:00,99.79
2556,2022/09/15 12:00,99.9
2557,2022/09/15 13:00,99.91
2558,2022/09/15 14:00,99.89
2559,2022/09/15 15:00,99.91
2560,2022/09/15 16:00,99.91
2561,2022/09/15 17:00,99.75
2562,2022/09/15 18:00,99.87
2563,2022/09/15 19:00,99.74
2564,2022/09/15 20:00,99.88
2565,2022/09/15 21:00,99.9
2566,2022/09/15 22:00,99.37
2567,2022/09/15 23:00,99.33
2568,2022/09/16 00:00,99.08
2569,2022/09/16 01:00,98.99
2570,2022/09/16 02:00,98.92
2571,2022/09/16 03:00,98.53
2572,2022/09/16 04:00,98.86
2573,2022/09/16 05:00,99.38
2574,2022/09/16 06:00,99.83
2575,2022/09/16 07:00,99.9
2576,2022/09/16 08:00,99.91
2577,2022/09/16 09:00,99.88
2578,2022/09/16 10:00,99.9
2579,2022/09/16 11:00,99.9
2580,2022/09/16 12:00,99.83
2581,2022/09/16 13:00,99.88
2582,2022/09/16 14:00,99.86
2583,2022/09/16 15:00,99.86
2584,2022/09/16 16:00,99.92
2585,2022/09/16 17:00,99.76
2586,2022/09/16 18:00,99.83
2587,2022/09/16 19:00,99.81
2588,2022/09/16 20:00,99.85
2589,2022/09/16 21:00,99.92
2590,2022/09/16 22:00,99.93
2591,2022/09/16 23:00,99.93
2592,2022/09/17 00:00,99.94
2593,2022/09/17 01:00,99.94
2594,2022/09/17 02:00,99.93
2595,2022/09/17 03:00,99.93
2596,2022/09/17 04:00,99.87
2597,2022/09/17 05:00,99.59
2598,2022/09/17 06:00,99.72
2599,2022/09/17 07:00,99.73
2600,2022/09/17 08:00,99.85
2601,2022/09/17 09:00,99.76
2602,2022/09/17 10:00,99.7
2603,2022/09/17 11:00,99.76
2604,2022/09/17 12:00,99.76
2605,2022/09/17 13:00,99.85
2606,2022/09/17 14:00,99.8
2607,2022/09/17 15:00,99.67
2608,2022/09/17 16:00,99.68
2609,2022/09/17 17:00,99.85
2610,2022/09/17 18:00,99.9
2611,2022/09/17 19:00,99.51
2612,2022/09/17 20:00,99.88
2613,2022/09/17 21:00,99.72
2614,2022/09/17 22:00,99.81
2615,2022/09/17 23:00,99.63
2616,2022/09/18 00:00,99.38
2617,2022/09/18 01:00,99.08
2618,2022/09/18 02:00,99.16
2619,2022/09/18 03:00,99.15
2620,2022/09/18 04:00,98.71
2621,2022/09/18 05:00,98.72
2622,2022/09/18 06:00,99.35
2623,2022/09/18 07:00,99.69
2624,2022/09/18 08:00,99.7
2625,2022/09/18 09:00,99.68
2626,2022/09/18 10:00,99.59
2627,2022/09/18 11:00,99.68
2628,2022/09/18 12:00,99.74
2629,2022/09/18 13:00,99.84
2630,2022/09/18 14:00,99.67
2631,2022/09/18 15:00,99.79
2632,2022/09/18 16:00,99.83
2633,2022/09/18 17:00,99.72
2634,2022/09/18 18:00,99.8
2635,2022/09/18 19:00,99.79
2636,2022/09/18 20:00,99.79
2637,2022/09/18 21:00,99.83
2638,2022/09/18 22:00,99.93
2639,2022/09/18 23:00,99.86
2640,2022/09/19 00:00,99.9
2641,2022/09/19 01:00,99.94
2642,2022/09/19 02:00,99.95
2643,2022/09/19 03:00,99.95
2644,2022/09/19 04:00,99.95
2645,2022/09/19 05:00,99.94
2646,2022/09/19 06:00,99.93
2647,2022/09/19 07:00,99.92
2648,2022/09/19 08:00,99.9
2649,2022/09/19 09:00,99.9
2650,2022/09/19 10:00,99.91
2651,2022/09/19 11:00,99.9
2652,2022/09/19 12:00,99.8
2653,2022/09/19 13:00,99.83
2654,2022/09/19 14:00,99.89
2655,2022/09/19 15:00,99.87
2656,2022/09/19 16:00,99.81
2657,2022/09/19 17:00,99.85
2658,2022/09/19 18:00,99.76
2659,2022/09/19 19:00,99.81
2660,2022/09/19 20:00,99.9
2661,2022/09/19 21:00,99.92
2662,2022/09/19 22:00,99.94
2663,2022/09/19 23:00,99.71
2664,2022/09/20 00:00,99.94
2665,2022/09/20 01:00,99.95
2666,2022/09/20 02:00,99.95
2667,2022/09/20 03:00,99.94
2668,2022/09/20 04:00,99.95
2669,2022/09/20 05:00,99.95
2670,2022/09/20 06:00,99.94
2671,2022/09/20 07:00,99.89
2672,2022/09/20 08:00,99.81
2673,2022/09/20 09:00,99.86
2674,2022/09/20 10:00,99.88
2675,2022/09/20 11:00,99.76
2676,2022/09/20 12:00,99.86
2677,2022/09/20 13:00,99.72
2678,2022/09/20 14:00,99.75
2679,2022/09/20 15:00,99.76
2680,2022/09/20 16:00,99.9
2681,2022/09/20 17:00,99.81
2682,2022/09/20 18:00,99.77
2683,2022/09/20 19:00,99.87
2684,2022/09/20 20:00,99.71
2685,2022/09/20 21:00,99.75
2686,2022/09/20 22:00,99.85
2687,2022/09/20 23:00,99.86
2688,2022/09/21 00:00,99.82
2689,2022/09/21 01:00,99.85
2690,2022/09/21 02:00,99.78
2691,2022/09/21 03:00,99.77
2692,2022/09/21 04:00,99.46
2693,2022/09/21 05:00,99.66
2694,2022/09/21 06:00,99.73
2695,2022/09/21 07:00,99.87
2696,2022/09/21 08:00,99.91
2697,2022/09/21 09:00,99.88
2698,2022/09/21 10:00,99.9
2699,2022/09/21 11:00,99.87
2700,2022/09/21 12:00,99.86
2701,2022/09/21 13:00,99.66
2702,2022/09/21 14:00,99.76
2703,2022/09/21 15:00,99.85
2704,2022/09/21 16:00,99.92
2705,2022/09/21 17:00,99.9
2706,2022/09/21 18:00,99.91
2707,2022/09/21 19:00,99.92
2708,2022/09/21 20:00,99.91
2709,2022/09/21 21:00,99.91
2710,2022/09/21 22:00,99.93
2711,2022/09/21 23:00,99.84
2712,2022/09/22 00:00,99.73
2713,2022/09/22 01:00,99.66
2714,2022/09/22 02:00,99.65
2715,2022/09/22 03:00,99.65
2716,2022/09/22 04:00,99.52
2717,2022/09/22 05:00,99.47
2718,2022/09/22 06:00,99.76
2719,2022/09/22 07:00,99.86
2720,2022/09/22 10:00,99.77
2721,2022/09/22 11:00,99.69
2722,2022/09/22 12:00,99.82
2723,2022/09/22 13:00,99.8
2724,2022/09/22 15:00,99.7
2725,2022/09/22 16:00,99.79
2726,2022/09/22 17:00,99.82
2727,2022/09/22 18:00,99.93
2728,2022/09/22 19:00,99.89
2729,2022/09/22 20:00,99.92
2730,2022/09/22 21:00,99.91
2731,2022/09/22 22:00,99.93
2732,2022/09/22 23:00,99.91
2733,2022/09/23 00:00,99.72
2734,2022/09/23 01:00,99.67
2735,2022/09/23 02:00,99.66
2736,2022/09/23 03:00,99.44
2737,2022/09/23 04:00,99.93
2738,2022/09/23 05:00,99.88
2739,2022/09/23 06:00,99.82
2740,2022/09/23 07:00,99.88
2741,2022/09/23 08:00,99.91
2742,2022/09/23 09:00,99.88
2743,2022/09/23 10:00,99.91
2744,2022/09/23 11:00,99.91
2745,2022/09/23 12:00,99.89
2746,2022/09/23 13:00,99.91
2747,2022/09/23 14:00,99.44
2748,2022/09/23 15:00,99.8
2749,2022/09/23 16:00,99.64
2750,2022/09/23 17:00,99.83
2751,2022/09/23 18:00,99.9
2752,2022/09/23 19:00,99.92
2753,2022/09/23 20:00,99.9
2754,2022/09/23 21:00,99.84
2755,2022/09/23 22:00,99.9
2756,2022/09/23 23:00,99.76
2757,2022/09/24 00:00,99.63
2758,2022/09/24 01:00,99.63
2759,2022/09/24 02:00,99.56
2760,2022/09/24 03:00,99.61
2761,2022/09/24 04:00,99.46
2762,2022/09/24 05:00,99.02
2763,2022/09/24 06:00,99.39
2764,2022/09/24 07:00,99.75
2765,2022/09/24 08:00,99.79
2766,2022/09/24 09:00,99.86
2767,2022/09/24 10:00,99.82
2768,2022/09/24 11:00,99.83
2769,2022/09/24 12:00,99.85
2770,2022/09/24 13:00,99.88
2771,2022/09/24 14:00,99.78
2772,2022/09/24 15:00,99.84
2773,2022/09/24 16:00,99.82
2774,2022/09/24 17:00,99.86
2775,2022/09/24 18:00,99.8
2776,2022/09/24 19:00,99.87
2777,2022/09/24 20:00,99.89
2778,2022/09/24 21:00,99.86
2779,2022/09/24 22:00,99.9
2780,2022/09/24 23:00,99.93
2781,2022/09/25 00:00,99.91
2782,2022/09/25 01:00,99.59
2783,2022/09/25 02:00,99.75
2784,2022/09/25 03:00,99.94
2785,2022/09/25 04:00,99.38
2786,2022/09/25 05:00,99.94
2787,2022/09/25 06:00,99.89
2788,2022/09/25 07:00,99.68
2789,2022/09/25 08:00,99.77
2790,2022/09/25 09:00,99.67
2791,2022/09/25 10:00,99.7
2792,2022/09/25 11:00,99.73
2793,2022/09/25 12:00,99.73
2794,2022/09/25 13:00,99.76
2795,2022/09/25 14:00,99.75
2796,2022/09/25 15:00,99.87
2797,2022/09/25 16:00,99.86
2798,2022/09/25 17:00,99.77
2799,2022/09/25 18:00,99.8
2800,2022/09/25 19:00,99.74
2801,2022/09/25 20:00,99.61
2802,2022/09/25 21:00,99.87
2803,2022/09/25 22:00,99.84
2804,2022/09/25 23:00,99.69
2805,2022/09/26 00:00,99.32
2806,2022/09/26 01:00,98.93
2807,2022/09/26 02:00,99.01
2808,2022/09/26 03:00,99.14
2809,2022/09/26 04:00,99.17
2810,2022/09/26 05:00,99.25
2811,2022/09/26 06:00,99.79
2812,2022/09/26 07:00,99.73
2813,2022/09/26 08:00,99.81
2814,2022/09/26 09:00,99.88
2815,2022/09/26 10:00,99.87
2816,2022/09/26 11:00,99.9
2817,2022/09/26 12:00,99.76
2818,2022/09/26 13:00,99.88
2819,2022/09/26 14:00,99.91
2820,2022/09/26 15:00,99.85
2821,2022/09/26 16:00,99.82
2822,2022/09/26 17:00,99.81
2823,2022/09/26 18:00,99.91
2824,2022/09/26 19:00,99.9
2825,2022/09/26 20:00,99.91
2826,2022/09/26 21:00,99.93
2827,2022/09/26 22:00,99.91
2828,2022/09/26 23:00,99.93
2829,2022/09/27 00:00,99.86
2830,2022/09/27 01:00,99.95
2831,2022/09/27 02:00,99.95
2832,2022/09/27 03:00,99.95
2833,2022/09/27 04:00,99.95
2834,2022/09/27 05:00,99.93
2835,2022/09/27 06:00,99.92
2836,2022/09/27 07:00,99.89
2837,2022/09/27 08:00,99.9
2838,2022/09/27 09:00,99.88
2839,2022/09/27 10:00,99.88
2840,2022/09/27 11:00,99.85
2841,2022/09/27 12:00,99.84
2842,2022/09/27 13:00,99.9
2843,2022/09/27 14:00,99.91
2844,2022/09/27 15:00,99.91
2845,2022/09/27 16:00,99.9
2846,2022/09/27 17:00,99.84
2847,2022/09/27 18:00,99.9
2848,2022/09/27 19:00,99.82
2849,2022/09/27 20:00,99.89
2850,2022/09/27 21:00,99.8
2851,2022/09/27 22:00,99.86
2852,2022/09/27 23:00,99.9
2853,2022/09/28 00:00,99.88
2854,2022/09/28 01:00,99.76
2855,2022/09/28 02:00,99.84
2856,2022/09/28 03:00,99.85
2857,2022/09/28 04:00,99.88
2858,2022/09/28 05:00,99.86
2859,2022/09/28 06:00,99.6
2860,2022/09/28 07:00,98.46
2861,2022/09/28 08:00,97.07
2862,2022/09/28 09:00,96.27
2863,2022/09/28 10:00,97.08
2864,2022/09/28 11:00,98.43
2865,2022/09/28 12:00,99.09
2866,2022/09/28 13:00,99.73
2867,2022/09/28 14:00,99.62
2868,2022/09/28 15:00,99.8
2869,2022/09/28 16:00,99.73
2870,2022/09/28 17:00,99.74
2871,2022/09/28 18:00,99.78
2872,2022/09/28 19:00,99.63
2873,2022/09/28 20:00,99.76
2874,2022/09/28 21:00,99.71
2875,2022/09/28 22:00,99.87
2876,2022/09/28 23:00,99.86
2877,2022/09/29 00:00,99.87
2878,2022/09/29 01:00,99.64
2879,2022/09/29 02:00,99.6
2880,2022/09/29 03:00,99.75
2881,2022/09/29 04:00,99.75
2882,2022/09/29 05:00,99.85
2883,2022/09/29 06:00,99.88
2884,2022/09/29 07:00,99.79
2885,2022/09/29 08:00,99.75
2886,2022/09/29 09:00,99.78
2887,2022/09/29 10:00,99.86
2888,2022/09/29 11:00,99.83
2889,2022/09/29 12:00,99.83
2890,2022/09/29 13:00,99.83
2891,2022/09/29 14:00,99.63
2892,2022/09/29 15:00,99.85
2893,2022/09/29 16:00,99.74
2894,2022/09/29 17:00,99.67
2895,2022/09/29 18:00,99.82
2896,2022/09/29 19:00,99.85
2897,2022/09/29 20:00,99.76
2898,2022/09/29 21:00,99.81
2899,2022/09/29 22:00,99.72
2900,2022/09/29 23:00,99.69
2901,2022/09/30 00:00,99.82
2902,2022/09/30 01:00,99.37
2903,2022/09/30 02:00,99.22
2904,2022/09/30 03:00,99.19
2905,2022/09/30 04:00,99.11
2906,2022/09/30 05:00,99.92
2907,2022/09/30 06:00,99.9
2908,2022/09/30 07:00,99.75
2909,2022/09/30 08:00,99.62
2910,2022/09/30 09:00,99.84
2911,2022/09/30 10:00,99.71
2912,2022/09/30 11:00,99.86
2913,2022/09/30 12:00,99.87
2914,2022/09/30 13:00,99.88
2915,2022/09/30 14:00,99.88
2916,2022/09/30 15:00,99.89
2917,2022/09/30 16:00,99.76
2918,2022/09/30 17:00,99.74
2919,2022/09/30 18:00,99.81
2920,2022/09/30 19:00,99.87
2921,2022/09/30 20:00,99.86
2922,2022/09/30 21:00,99.88
2923,2022/09/30 22:00,99.85
2924,2022/09/30 23:00,99.72
2925,2022/10/01 00:00,99.85
2926,2022/10/01 01:00,99.51
2927,2022/10/01 02:00,99.49
2928,2022/10/01 03:00,99.67
2929,2022/10/01 04:00,99.9
2930,2022/10/01 05:00,99.73
2931,2022/10/01 06:00,99.82
2932,2022/10/01 07:00,99.76
2933,2022/10/01 08:00,99.8
2934,2022/10/01 09:00,99.82
2935,2022/10/01 10:00,99.81
2936,2022/10/01 11:00,99.78
2937,2022/10/01 12:00,99.8
2938,2022/10/01 13:00,99.83
2939,2022/10/01 14:00,99.88
2940,2022/10/01 15:00,99.69
2941,2022/10/01 16:00,99.8
2942,2022/10/01 17:00,99.66
2943,2022/10/01 18:00,99.83
2944,2022/10/01 19:00,99.78
2945,2022/10/01 20:00,99.86
2946,2022/10/01 21:00,99.9
2947,2022/10/01 22:00,99.91
2948,2022/10/01 23:00,99.46
2949,2022/10/02 00:00,99.55
2950,2022/10/02 01:00,99.85
2951,2022/10/02 02:00,99.74
2952,2022/10/02 03:00,99.94
2953,2022/10/02 04:00,99.94
2954,2022/10/02 05:00,99.86
2955,2022/10/02 06:00,99.74
2956,2022/10/02 07:00,99.84
2957,2022/10/02 08:00,99.84
2958,2022/10/02 09:00,99.72
2959,2022/10/02 10:00,99.85
2960,2022/10/02 11:00,99.75
2961,2022/10/02 12:00,99.79
2962,2022/10/02 13:00,99.58
2963,2022/10/02 14:00,99.55
2964,2022/10/02 15:00,99.79
2965,2022/10/02 16:00,99.83
2966,2022/10/02 17:00,99.79
2967,2022/10/02 18:00,99.79
2968,2022/10/02 19:00,99.85
2969,2022/10/02 20:00,99.87
2970,2022/10/02 21:00,99.9
2971,2022/10/02 22:00,99.88
2972,2022/10/02 23:00,99.77
2973,2022/10/03 00:00,99.66
2974,2022/10/03 01:00,99.33
2975,2022/10/03 02:00,99.33
2976,2022/10/03 03:00,99.38
2977,2022/10/03 04:00,99.07
2978,2022/10/03 05:00,99.66
2979,2022/10/03 06:00,99.76
2980,2022/10/03 07:00,99.83
2981,2022/10/03 08:00,99.88
2982,2022/10/03 09:00,99.88
2983,2022/10/03 10:00,99.91
2984,2022/10/03 11:00,99.9
2985,2022/10/03 12:00,99.88
2986,2022/10/03 13:00,99.56
2987,2022/10/03 14:00,99.87
2988,2022/10/03 15:00,99.88
2989,2022/10/03 16:00,99.89
2990,2022/10/03 17:00,99.83
2991,2022/10/03 18:00,99.86
2992,2022/10/03 19:00,99.76
2993,2022/10/03 20:00,99.7
2994,2022/10/03 21:00,99.76
2995,2022/10/03 22:00,99.79
2996,2022/10/03 23:00,99.9
2997,2022/10/04 00:00,99.62
2998,2022/10/04 01:00,99.81
2999,2022/10/04 02:00,99.94
3000,2022/10/04 03:00,99.94
3001,2022/10/04 04:00,99.93
3002,2022/10/04 05:00,99.93
3003,2022/10/04 06:00,99.92
3004,2022/10/04 07:00,99.91
3005,2022/10/04 08:00,99.88
3006,2022/10/04 09:00,99.89
3007,2022/10/04 09:00,100.02
3008,2022/10/04 10:00,99.85
3009,2022/10/04 11:00,99.87
3010,2022/10/04 12:00,99.89
3011,2022/10/04 13:00,99.9
3012,2022/10/04 14:00,99.88
3013,2022/10/04 15:00,99.89
3014,2022/10/04 16:00,99.87
3015,2022/10/04 17:00,99.75
3016,2022/10/04 18:00,99.76
3017,2022/10/04 19:00,99.75
3018,2022/10/04 20:00,99.85
3019,2022/10/04 21:00,99.89
3020,2022/10/04 22:00,99.8
3021,2022/10/04 23:00,99.66
3022,2022/10/05 00:00,99.8
3023,2022/10/05 01:00,99.12
3024,2022/10/05 02:00,99.61
3025,2022/10/05 03:00,99.94
3026,2022/10/05 04:00,99.95
3027,2022/10/05 05:00,99.95
3028,2022/10/05 06:00,99.92
3029,2022/10/05 07:00,99.85
3030,2022/10/05 08:00,99.88
3031,2022/10/05 09:00,99.87
3032,2022/10/05 10:00,99.86
3033,2022/10/05 11:00,99.88
3034,2022/10/05 12:00,99.91
3035,2022/10/05 13:00,99.85
3036,2022/10/05 14:00,99.9
3037,2022/10/05 15:00,99.75
3038,2022/10/05 16:00,99.87
3039,2022/10/05 17:00,99.86
3040,2022/10/05 18:00,99.84
3041,2022/10/05 19:00,99.81
3042,2022/10/05 20:00,99.88
3043,2022/10/05 21:00,99.86
3044,2022/10/05 22:00,99.89
3045,2022/10/05 23:00,99.86
3046,2022/10/06 00:00,99.42
3047,2022/10/06 01:00,98.17
3048,2022/10/06 02:00,98.51
3049,2022/10/06 03:00,98.47
3050,2022/10/06 04:00,98.81
3051,2022/10/06 05:00,99.39
3052,2022/10/06 06:00,99.47
3053,2022/10/06 07:00,99.74
3054,2022/10/06 08:00,99.91
3055,2022/10/06 09:00,99.9
3056,2022/10/06 10:00,99.88
3057,2022/10/06 11:00,99.85
3058,2022/10/06 12:00,99.9
3059,2022/10/06 13:00,99.9
3060,2022/10/06 14:00,99.92
3061,2022/10/06 15:00,99.87
3062,2022/10/06 16:00,99.9
3063,2022/10/06 17:00,99.9
3064,2022/10/06 18:00,99.9
3065,2022/10/06 19:00,99.92
3066,2022/10/06 20:00,99.91
3067,2022/10/06 21:00,99.92
3068,2022/10/06 22:00,99.92
3069,2022/10/06 23:00,99.92
3070,2022/10/07 00:00,99.28
3071,2022/10/07 01:00,98.69
3072,2022/10/07 02:00,98.69
3073,2022/10/07 03:00,98.84
3074,2022/10/07 04:00,98.89
3075,2022/10/07 05:00,99.4
3076,2022/10/07 06:00,99.59
3077,2022/10/07 07:00,99.86
3078,2022/10/07 08:00,99.89
3079,2022/10/07 09:00,99.85
3080,2022/10/07 10:00,99.82
3081,2022/10/07 11:00,99.88
3082,2022/10/07 12:00,99.89
3083,2022/10/07 13:00,99.89
3084,2022/10/07 14:00,99.83
3085,2022/10/07 15:00,99.7
3086,2022/10/07 16:00,99.85
3087,2022/10/07 17:00,99.86
3088,2022/10/07 18:00,99.79
3089,2022/10/07 19:00,99.82
3090,2022/10/07 20:00,99.83
3091,2022/10/07 21:00,99.9
3092,2022/10/07 22:00,99.37
3093,2022/10/07 23:00,99.18
3094,2022/10/08 00:00,99.1
3095,2022/10/08 01:00,98.98
3096,2022/10/08 02:00,98.97
3097,2022/10/08 03:00,99.01
3098,2022/10/08 04:00,98.98
3099,2022/10/08 05:00,99.17
3100,2022/10/08 06:00,99.78
3101,2022/10/08 07:00,99.85
3102,2022/10/08 08:00,99.86
3103,2022/10/08 09:00,99.83
3104,2022/10/08 10:00,99.88
3105,2022/10/08 11:00,99.88
3106,2022/10/08 12:00,99.87
3107,2022/10/08 13:00,99.85
3108,2022/10/08 14:00,99.64
3109,2022/10/08 15:00,99.73
3110,2022/10/08 16:00,99.81
3111,2022/10/08 17:00,99.78
3112,2022/10/08 18:00,99.71
3113,2022/10/08 19:00,99.82
3114,2022/10/08 20:00,99.87
3115,2022/10/08 21:00,99.84
3116,2022/10/08 22:00,99.85
3117,2022/10/08 23:00,99.9
3118,2022/10/09 00:00,99.94
3119,2022/10/09 01:00,99.94
3120,2022/10/09 02:00,99.94
3121,2022/10/09 03:00,99.92
3122,2022/10/09 04:00,99.94
3123,2022/10/09 05:00,99.94
3124,2022/10/09 06:00,99.78
3125,2022/10/09 07:00,99.78
3126,2022/10/09 08:00,99.88
3127,2022/10/09 09:00,99.91
3128,2022/10/09 10:00,99.83
3129,2022/10/09 11:00,99.82
3130,2022/10/09 12:00,99.86
3131,2022/10/09 13:00,99.88
3132,2022/10/09 14:00,99.84
3133,2022/10/09 15:00,99.78
3134,2022/10/09 16:00,99.82
3135,2022/10/09 17:00,99.84
3136,2022/10/09 18:00,99.81
3137,2022/10/09 19:00,99.73
3138,2022/10/09 20:00,99.75
3139,2022/10/09 21:00,99.83
3140,2022/10/09 22:00,99.82
3141,2022/10/09 23:00,99.76
3142,2022/10/10 00:00,99.59
3143,2022/10/10 01:00,99.31
3144,2022/10/10 02:00,98.83
3145,2022/10/10 03:00,98.73
3146,2022/10/10 04:00,98.92
3147,2022/10/10 05:00,99.04
3148,2022/10/10 06:00,99.28
3149,2022/10/10 07:00,99.59
3150,2022/10/10 08:00,99.85
3151,2022/10/10 09:00,99.89
3152,2022/10/10 10:00,99.89
3153,2022/10/10 11:00,99.89
3154,2022/10/10 12:00,99.89
3155,2022/10/10 13:00,99.83
3156,2022/10/10 14:00,99.85
3157,2022/10/10 15:00,99.86
3158,2022/10/10 16:00,99.89
3159,2022/10/10 17:00,99.88
3160,2022/10/10 18:00,99.89
3161,2022/10/10 19:00,99.87
3162,2022/10/10 20:00,99.91
3163,2022/10/10 21:00,99.91
3164,2022/10/10 22:00,99.94
3165,2022/10/10 23:00,99.93
3166,2022/10/11 00:00,99.95
3167,2022/10/11 01:00,99.95
3168,2022/10/11 02:00,99.91
3169,2022/10/11 03:00,99.94
3170,2022/10/11 04:00,99.68
3171,2022/10/11 05:00,99.76
3172,2022/10/11 06:00,99.86
3173,2022/10/11 07:00,99.92
3174,2022/10/11 08:00,99.91
3175,2022/10/11 09:00,99.89
3176,2022/10/11 10:00,99.9
3177,2022/10/11 11:00,99.91
3178,2022/10/11 12:00,99.88
3179,2022/10/11 13:00,99.87
3180,2022/10/11 14:00,99.91
3181,2022/10/11 15:00,99.86
3182,2022/10/11 16:00,99.87
3183,2022/10/11 17:00,99.89
3184,2022/10/11 18:00,99.89
3185,2022/10/11 19:00,99.91
3186,2022/10/11 20:00,99.84
3187,2022/10/11 21:00,99.8
3188,2022/10/11 22:00,99.89
3189,2022/10/11 23:00,99.89
3190,2022/10/12 00:00,99.93
3191,2022/10/12 01:00,99.92
3192,2022/10/12 02:00,99.92
3193,2022/10/12 03:00,99.92
3194,2022/10/12 04:00,99.93
3195,2022/10/12 05:00,99.92
3196,2022/10/12 06:00,99.91
3197,2022/10/12 07:00,99.92
3198,2022/10/12 08:00,99.88
3199,2022/10/12 09:00,99.89
3200,2022/10/12 10:00,99.9
3201,2022/10/12 11:00,99.88
3202,2022/10/12 12:00,99.9
3203,2022/10/12 13:00,99.9
3204,2022/10/12 14:00,99.9
3205,2022/10/12 15:00,99.9
3206,2022/10/12 16:00,99.91
3207,2022/10/12 17:00,99.81
3208,2022/10/12 18:00,99.77
3209,2022/10/12 19:00,99.81
3210,2022/10/12 20:00,99.83
3211,2022/10/12 21:00,99.93
3212,2022/10/12 22:00,99.92
3213,2022/10/12 23:00,99.9
3214,2022/10/13 00:00,99.83
3215,2022/10/13 01:00,99.95
3216,2022/10/13 02:00,99.96
3217,2022/10/13 03:00,99.95
3218,2022/10/13 04:00,99.93
3219,2022/10/13 05:00,99.93
3220,2022/10/13 06:00,99.88
3221,2022/10/13 07:00,99.92
3222,2022/10/13 08:00,99.89
3223,2022/10/13 09:00,99.89
3224,2022/10/13 10:00,99.9
3225,2022/10/13 11:00,99.88
3226,2022/10/13 12:00,99.88
3227,2022/10/13 13:00,99.93
